YEAR,MO,DY,HR,QV2M,ALLSKY_SFC_SW_DWN,WS10M,ALLSKY_SFC_SW_DIFF,ALLSKY_SFC_SW_DNI,T2M
2025,9,2,0,10.57,0,2.27,0,0,15.62
2025,9,2,1,10.66,0,2.38,0,0,15.09
2025,9,2,2,10.77,0,2.42,0,0,14.65
2025,9,2,3,10.88,0,2.25,0,0,14.42
2025,9,2,4,10.92,0,2.22,0,0,14.26
2025,9,2,5,10.88,12.4,2.29,11.51,54.8,14.13
2025,9,2,6,10.8,142.57,2.59,50.29,449.65,16.84
2025,9,2,7,9.88,337.77,2.53,77.23,656.72,19.3
2025,9,2,8,8.54,515.25,2.5,87.15,776.11,21.52
2025,9,2,9,7.66,670.05,2.41,124.31,801.35,23.42
2025,9,2,10,7.31,776.08,2.35,109.89,860.25,24.88
2025,9,2,11,7.3,816.8,2.36,106.38,883.75,25.89
2025,9,2,12,7.38,786.05,2.47,161.78,837.96,26.58
2025,9,2,13,7.38,756.75,2.66,147.5,809.08,26.85
2025,9,2,14,7.41,617.5,2.86,99.68,791.45,26.72
2025,9,2,15,7.44,458.55,3.03,87.51,720.83,26.15
2025,9,2,16,7.52,277.6,3.19,62.99,599.86,25.08
2025,9,2,17,7.86,107.97,3.13,39.04,394.84,23.34
2025,9,2,18,8.54,3.75,2.46,4.57,26.8,20.35
2025,9,2,19,9.22,0,2.36,0,0,18.93
2025,9,2,20,9.83,0,2.02,0,0,17.76
2025,9,2,21,10.3,0,1.79,0,0,16.72
2025,9,2,22,10.54,0,1.73,0,0,16.09
2025,9,2,23,10.55,0,1.6,0,0,15.99
2025,9,3,0,10.5,0,1.25,0,0,16.15
2025,9,3,1,10.45,0,0.7,0,0,16.31
2025,9,3,2,10.37,0,0.16,0,0,16.41
2025,9,3,3,10.26,0,0.46,0,0,16.1
2025,9,3,4,10.2,0,0.91,0,0,15.46
2025,9,3,5,10.2,11.05,1.21,11.01,34.24,15.12
2025,9,3,6,10.34,146.05,1.19,52.66,470.07,16.85
2025,9,3,7,9.72,334.5,0.93,88.56,643.45,19.55
2025,9,3,8,8.5,517.78,0.91,113.48,742.32,22.17
2025,9,3,9,7.86,641.38,0.91,150.46,690.37,24.19
2025,9,3,10,7.65,775.53,1.16,126.36,831.99,25.56
2025,9,3,11,7.74,820.85,1.61,206.91,798.76,26.39
2025,9,3,12,7.68,799.92,2.08,113.51,849.31,26.83
2025,9,3,13,7.68,736.25,2.37,139.97,823.1,26.76
2025,9,3,14,7.73,612.28,2.49,145.62,686.05,26.46
2025,9,3,15,7.8,446.02,2.51,129.83,589.8,26.01
2025,9,3,16,7.86,277.6,2.57,84.95,556.19,25.22
2025,9,3,17,8.21,94,2.67,54.42,225.96,23.6
2025,9,3,18,8.74,0,2.54,0,0,20.6
2025,9,3,19,9.33,0,2.59,0,0,19.26
2025,9,3,20,9.93,0,2.32,0,0,18.23
2025,9,3,21,10.43,0,2.14,0,0,17.32
2025,9,3,22,10.76,0,2,0,0,16.59
2025,9,3,23,10.97,0,1.98,0,0,16.08
2025,9,4,0,11.17,0,1.92,0,0,15.78
2025,9,4,1,11.35,0,1.85,0,0,15.51
2025,9,4,2,11.48,0,1.92,0,0,15.25
2025,9,4,3,11.53,0,2.15,0,0,15.04
2025,9,4,4,11.57,0,2.18,0,0,14.84
2025,9,4,5,11.6,9.23,2.14,10.43,19.68,14.83
2025,9,4,6,11.81,136.38,1.85,51.24,409.25,17.77
2025,9,4,7,11.35,323.77,2.38,88.19,605.75,20.6
2025,9,4,8,10.43,504.55,3.09,118.52,694.12,23.03
2025,9,4,9,9.78,654.83,3.85,143.63,741.45,24.92
2025,9,4,10,9.67,733.97,4.51,176.48,707.18,26.11
2025,9,4,11,9.73,762.3,5.11,221.97,628.59,26.76
2025,9,4,12,9.88,769.9,5.63,193.1,679.12,27
2025,9,4,13,10.05,738.25,6.05,117.65,812.18,26.78
2025,9,4,14,10.3,597.9,6.31,128,713.1,26.06
2025,9,4,15,10.68,431.88,6.35,114.5,620.88,24.91
2025,9,4,16,11.06,243.38,6.08,101.9,430.91,23.57
2025,9,4,17,11.56,80.03,5.43,53.73,187.58,22.05
2025,9,4,18,12.27,0,4.79,0,0,20.68
2025,9,4,19,12.86,0,4.64,0,0,20.18
2025,9,4,20,13.23,0,4.48,0,0,20.06
2025,9,4,21,13.44,0,4.27,0,0,20.1
2025,9,4,22,13.56,0,4.22,0,0,20.2
2025,9,4,23,13.47,0,4.18,0,0,20.12
2025,9,5,0,13.19,0,3.62,0,0,19.83
2025,9,5,1,13.24,0,2.97,0,0,19.66
2025,9,5,2,13.32,0,2.42,0,0,19.22
2025,9,5,3,13.22,0,2.28,0,0,18.6
2025,9,5,4,13.05,0,2.17,0,0,18.21
2025,9,5,5,12.85,8.27,2.16,9.84,9.71,17.96
2025,9,5,6,13.98,118.97,1.94,65.26,255.07,19.71
2025,9,5,7,14.39,299.02,2.04,106.31,486.92,21.65
2025,9,5,8,12.94,478.6,2.23,123.3,635.77,23.91
2025,9,5,9,11.07,594.28,2.49,200.8,534.73,25.61
2025,9,5,10,10.29,713.72,3.23,191.75,642.12,27.17
2025,9,5,11,10.31,776.6,4,187.1,694.38,28
2025,9,5,12,10.71,804.72,4.67,113.96,846.45,28.56
2025,9,5,13,11.13,710.58,5.31,130.92,771.88,28.81
2025,9,5,14,11.37,600.3,5.79,128.08,706.89,28.78
2025,9,5,15,11.55,398.35,5.95,158.51,447.46,28.36
2025,9,5,16,11.76,219.43,5.73,111.36,298.9,27.55
2025,9,5,17,12.29,61.62,5.1,48.23,59.44,26.17
2025,9,5,18,13.2,0,4.14,0,0,24.16
2025,9,5,19,13.94,0,3.67,0,0,22.92
2025,9,5,20,14.42,0,3.44,0,0,22.23
2025,9,5,21,14.62,0,3.35,0,0,21.76
2025,9,5,22,14.68,0,3.22,0,0,21.4
2025,9,5,23,14.67,0,2.98,0,0,21.11
2025,9,6,0,14.66,0,2.81,0,0,20.79
2025,9,6,1,14.69,0,2.74,0,0,20.49
2025,9,6,2,14.75,0,2.71,0,0,20.26
2025,9,6,3,14.81,0,2.77,0,0,20.12
2025,9,6,4,14.89,0,2.73,0,0,20.01
2025,9,6,5,14.98,6.32,2.75,8.91,1.18,20.05
2025,9,6,6,15.19,83.55,3.2,65.84,73.89,21.68
2025,9,6,7,15.4,219.75,3.46,138.2,202.06,23.76
2025,9,6,8,15.17,369.88,3.77,193.85,296.59,26.2
2025,9,6,9,14.7,519.53,3.92,269.43,329.79,27.85
2025,9,6,10,14.31,606.62,4.48,301.49,336.54,29.02
2025,9,6,11,14.05,672.92,5.27,272.02,450.01,29.59
2025,9,6,12,14.09,619,5.78,323.11,275.34,29.21
2025,9,6,13,14.34,540.83,5.86,274.49,301.09,28.59
2025,9,6,14,14.68,338.52,5.7,210.55,164.81,28.5
2025,9,6,15,14.99,120.82,5.36,99.51,17.21,28.12
2025,9,6,16,15.52,58.05,4.41,48.81,11.22,26.62
2025,9,6,17,16.12,17.35,3,15.1,1.27,24.49
2025,9,6,18,15.82,0,1.61,0,0,22.78
2025,9,6,19,14.98,0,1.57,0,0,21.46
2025,9,6,20,13.83,0,2.71,0,0,20.04
2025,9,6,21,12.79,0,3.44,0,0,18.59
2025,9,6,22,11.94,0,3.17,0,0,17.61
2025,9,6,23,11.09,0,3.76,0,0,16.55
2025,9,7,0,10.78,0,3.29,0,0,16.06
2025,9,7,1,10.85,0,2.65,0,0,16.1
2025,9,7,2,10.99,0,2.31,0,0,16.26
2025,9,7,3,11.07,0,2.41,0,0,16.31
2025,9,7,4,11.06,0,2.2,0,0,16.23
2025,9,7,5,11.07,2.62,1.74,2.81,0,16.18
2025,9,7,6,11.08,25.95,1.52,23.45,0,16.38
2025,9,7,7,11.16,73.38,1.62,63.76,0,16.81
2025,9,7,8,11.38,68.97,1.78,57.28,6.36,18
2025,9,7,9,11.32,116.6,1.74,98.04,0,19.59
2025,9,7,10,10.83,209.8,1.56,162.68,19.86,20.49
2025,9,7,11,10.37,183.3,1.47,146.96,21.89,20.98
2025,9,7,12,9.93,189,1.51,153.77,8.68,21.89
2025,9,7,13,9.5,283.35,1.4,208.66,84.4,22.92
2025,9,7,14,8.99,206.62,1.22,171.38,30.33,23.25
2025,9,7,15,8.8,153,1.42,133.4,2.83,22.89
2025,9,7,16,9.08,120.75,1.07,99.68,27.7,22.18
2025,9,7,17,9.95,40.33,0.98,34.27,21.67,20.75
2025,9,7,18,9.5,0,1.59,0,0,18.87
2025,9,7,19,9.32,0,1.71,0,0,17.89
2025,9,7,20,9.31,0,1.62,0,0,17.08
2025,9,7,21,9.18,0,1.71,0,0,16.43
2025,9,7,22,8.84,0,2.6,0,0,16.26
2025,9,7,23,8.44,0,2.98,0,0,15.81
2025,9,8,0,8.08,0,3.22,0,0,14.9
2025,9,8,1,7.88,0,3.1,0,0,14.06
2025,9,8,2,7.88,0,2.66,0,0,13.24
2025,9,8,3,7.91,0,2.37,0,0,12.37
2025,9,8,4,7.88,0,2.26,0,0,11.76
2025,9,8,5,7.82,7.6,2.23,8.62,28.25,11.3
2025,9,8,6,7.78,116.32,2.48,64.78,262.26,13.27
2025,9,8,7,7.29,280.15,2.65,123.87,440.15,16.31
2025,9,8,8,6.58,441.52,3.35,157.01,546.3,18.97
2025,9,8,9,6.38,432.6,3.18,343.47,56.4,20.54
2025,9,8,10,6.32,584.33,2.95,363.21,222.24,21.8
2025,9,8,11,6.29,774.35,2.56,277.38,618.07,22.81
2025,9,8,12,6.26,792.62,2.08,160.34,787.7,23.62
2025,9,8,13,6.21,721.2,1.77,143.18,798.83,24.07
2025,9,8,14,6.17,624.83,1.59,83.41,854.74,24.15
2025,9,8,15,6.16,461.7,1.53,73.3,796.33,23.95
2025,9,8,16,6.21,273.8,1.49,60.49,675.66,23.31
2025,9,8,17,7.2,80.68,1.42,35.99,280.39,21.37
2025,9,8,18,7.1,0,1.99,0,0,18.4
2025,9,8,19,7.21,0,2.14,0,0,17.22
2025,9,8,20,7.42,0,1.99,0,0,16.65
2025,9,8,21,7.62,0,1.61,0,0,16.42
2025,9,8,22,7.71,0,1.04,0,0,16.25
2025,9,8,23,7.78,0,1.02,0,0,15.6
2025,9,9,0,7.87,0,1.61,0,0,14.42
2025,9,9,1,7.94,0,2.17,0,0,12.92
2025,9,9,2,8,0,2.25,0,0,12.1
2025,9,9,3,8.07,0,2.27,0,0,11.67
2025,9,9,4,8.18,0,2.34,0,0,11.45
2025,9,9,5,8.27,7.68,2.35,9.11,31.29,11.36
2025,9,9,6,8.38,89.71,2.48,56.37,180.27,13.61
2025,9,9,7,8.21,324.17,2.77,80.3,652.88,16.55
2025,9,9,8,7.45,507.5,3.4,117.23,724.52,19.3
2025,9,9,9,6.68,667.33,3.83,122.24,808.46,21
2025,9,9,10,6.42,750.58,3.89,153.53,781.16,22.18
2025,9,9,11,6.37,770.35,3.75,240.06,624.32,23.13
2025,9,9,12,6.34,703.2,3.62,313.98,493.13,23.78
2025,9,9,13,6.33,619.45,3.46,299.88,462.95,24.11
2025,9,9,14,6.36,445.02,3.33,293.23,189.31,24.03
2025,9,9,15,6.43,318.58,3.31,215.47,173.04,23.54
2025,9,9,16,6.56,183.5,3.34,122.93,224.39,22.6
2025,9,9,17,7.48,57.78,3.06,43.22,114.62,20.54
2025,9,9,18,7.99,0,2.96,0,0,17.78
2025,9,9,19,8.6,0,3.35,0,0,17.29
2025,9,9,20,9.13,0,3.31,0,0,17.04
2025,9,9,21,9.51,0,3.37,0,0,16.76
2025,9,9,22,9.69,0,3.52,0,0,16.64
2025,9,9,23,9.74,0,3.48,0,0,16.55
2025,9,10,0,9.74,0,3.35,0,0,16.34
2025,9,10,1,9.67,0,3.27,0,0,16.21
2025,9,10,2,9.63,0,3.18,0,0,16.09
2025,9,10,3,9.54,0,3.23,0,0,15.91
2025,9,10,4,9.39,0,3.4,0,0,15.59
2025,9,10,5,9.26,2.7,3.45,3.09,0,15.19
2025,9,10,6,9.17,32.75,3.6,29.08,9.63,15.16
2025,9,10,7,9.14,86.78,3.86,71.1,37.87,15.67
2025,9,10,8,9.29,135.4,4.04,116.67,9.9,16.35
2025,9,10,9,9.55,157.12,4.28,130.63,8.74,17.41
2025,9,10,10,9.77,207.25,4.29,163.95,38.53,19.07
2025,9,10,11,9.92,268.48,4.11,212.55,48.92,20.59
2025,9,10,12,10.14,324.38,3.86,204.58,342.48,21.65
2025,9,10,13,10.32,277.67,3.64,219.27,43.78,22.34
2025,9,10,14,10.45,167.2,3.46,140.78,2.94,22.79
2025,9,10,15,10.55,108.97,3.3,92.64,5.5,22.93
2025,9,10,16,10.56,54.83,2.97,47.26,6.37,22.74
2025,9,10,17,10.81,19.8,2.18,17.44,14.91,21.74
2025,9,10,18,10.66,0,2.05,0,0,19.62
2025,9,10,19,10.54,0,2.09,0,0,19.09
2025,9,10,20,10.5,0,2.18,0,0,18.71
2025,9,10,21,10.46,0,2.37,0,0,17.93
2025,9,10,22,10.37,0,2.39,0,0,16.9
2025,9,10,23,10.16,0,2.32,0,0,16.14
2025,9,11,0,9.8,0,2.43,0,0,15.6
2025,9,11,1,9.35,0,2.33,0,0,14.79
2025,9,11,2,8.95,0,2.3,0,0,13.92
2025,9,11,3,8.62,0,2.28,0,0,13.35
2025,9,11,4,8.44,0,2.24,0,0,12.82
2025,9,11,5,8.38,5.97,2.24,7.58,25.77,12.41
2025,9,11,6,8.4,103.8,2.46,56.4,258.37,14.17
2025,9,11,7,8.55,297.35,1.9,85.71,573.47,17.05
2025,9,11,8,8.25,484.27,2.58,98.83,721,21.45
2025,9,11,9,8.01,640.67,2.73,98.57,809.12,23.74
2025,9,11,10,8.11,725.95,2.56,129.68,774.61,24.97
2025,9,11,11,8.29,779.1,2.34,127.52,803.1,25.88
2025,9,11,12,8.36,791.55,2.18,97.17,894.45,26.6
2025,9,11,13,8.37,723.38,2.03,99.1,845.97,27.02
2025,9,11,14,8.37,601.92,1.97,89.48,818.29,27.11
2025,9,11,15,8.32,435.45,1.94,81.01,741.87,26.92
2025,9,11,16,8.38,242.4,1.83,69.13,554.51,26.12
2025,9,11,17,9.4,59.45,1.45,33.77,186.91,23.99
2025,9,11,18,8.74,0,1.48,0,0,22.1
2025,9,11,19,8.79,0,1.27,0,0,21.37
2025,9,11,20,9.18,0,1.23,0,0,20.29
2025,9,11,21,9.51,0,1.48,0,0,18.93
2025,9,11,22,9.63,0,1.79,0,0,17.91
2025,9,11,23,9.64,0,1.97,0,0,17.25
2025,9,12,0,9.69,0,2.16,0,0,16.64
2025,9,12,1,9.76,0,2.27,0,0,16.15
2025,9,12,2,9.83,0,2.32,0,0,15.72
2025,9,12,3,9.9,0,2.34,0,0,15.3
2025,9,12,4,10.01,0,2.42,0,0,14.97
2025,9,12,5,9.99,4.62,2.6,6.43,10.67,15.02
2025,9,12,6,9.85,77.3,3.08,46.09,185.7,16.56
2025,9,12,7,9.09,204.6,3.44,105.62,302.36,19.32
2025,9,12,8,7.92,349.27,3.47,173.97,369.34,21.85
2025,9,12,9,7.56,391.48,2.86,304.48,116.26,23.65
2025,9,12,10,7.7,496.1,2.14,297.43,268.23,25.01
2025,9,12,11,8.09,634.9,1.62,262.95,461.97,25.94
2025,9,12,12,8.2,657.53,1.34,155.32,683.4,26.47
2025,9,12,13,8.19,684.42,1.15,146.59,722.96,26.64
2025,9,12,14,8.16,581.25,1.01,135.07,710.67,26.73
2025,9,12,15,8.12,417.83,0.83,107.99,657.08,26.62
2025,9,12,16,8.26,183.43,0.65,101.98,249.62,25.92
2025,9,12,17,9.72,36.6,1.01,30.37,27.37,24
2025,9,12,18,9.27,0,2.25,0,0,21.06
2025,9,12,19,9.73,0,2.98,0,0,19.59
2025,9,12,20,10.58,0,2.97,0,0,18.93
2025,9,12,21,11.28,0,2.63,0,0,17.97
2025,9,12,22,11.62,0,2.44,0,0,17.48
2025,9,12,23,11.68,0,2.21,0,0,17
2025,9,13,0,11.63,0,2.06,0,0,16.31
2025,9,13,1,11.59,0,1.87,0,0,15.85
2025,9,13,2,11.54,0,1.82,0,0,15.76
2025,9,13,3,11.51,0,1.7,0,0,15.85
2025,9,13,4,11.51,0,1.64,0,0,15.83
2025,9,13,5,11.54,4.55,1.78,6.25,9.35,15.55
2025,9,13,6,11.82,100.15,1.86,55.37,243.6,17.58
2025,9,13,7,11.34,269.52,2.14,102.58,453.56,20.17
2025,9,13,8,10.52,438.83,1.98,137.72,578.55,22.16
2025,9,13,9,10.25,594.5,1.95,164.98,651.38,23.94
2025,9,13,10,10.25,698.3,2.1,164.99,697.32,25.28
2025,9,13,11,10.23,754.62,2.25,186.4,716.56,26.07
2025,9,13,12,10.11,732.33,2.3,159.03,725.92,26.22
2025,9,13,13,10.06,671.08,2.42,169.97,675.37,25.89
2025,9,13,14,10.12,546.45,2.86,147.35,629.99,25.27
2025,9,13,15,10.25,384.6,3.23,121.94,548.65,24.78
2025,9,13,16,10.53,198.73,3.54,87.01,369.15,23.96
2025,9,13,17,10.98,42.1,3.74,32.46,87.74,22.37
2025,9,13,18,11.32,0,3.49,0,0,20.56
2025,9,13,19,11.69,0,3.08,0,0,19.67
2025,9,13,20,11.92,0,2.59,0,0,19.19
2025,9,13,21,12.09,0,2.31,0,0,18.89
2025,9,13,22,12.2,0,2.1,0,0,18.71
2025,9,13,23,12.3,0,1.97,0,0,18.34
2025,9,14,0,12.34,0,2.05,0,0,17.71
2025,9,14,1,12.36,0,2.14,0,0,17.14
2025,9,14,2,12.33,0,2.1,0,0,16.85
2025,9,14,3,12.25,0,2.06,0,0,16.58
2025,9,14,4,12.12,0,2.01,0,0,16.34
2025,9,14,5,11.97,3.53,1.77,5.41,3.76,16.15
2025,9,14,6,12.12,86.45,1.41,50.64,195.33,17.77
2025,9,14,7,11.88,257.67,1.29,95.43,457.56,20.34
2025,9,14,8,11.15,441.2,2.01,124.51,591.31,23.28
2025,9,14,9,10.52,590.55,2.21,141.12,670.9,25.34
2025,9,14,10,10.19,683.03,1.66,161.02,682.34,26.78
2025,9,14,11,10.02,731.33,1.06,159.77,715.85,27.85
2025,9,14,12,9.97,708.78,0.88,172.96,680.65,28.44
2025,9,14,13,9.94,622.45,0.92,186.92,684.35,28.67
2025,9,14,14,9.9,503.02,1.07,199.63,479.1,28.6
2025,9,14,15,9.9,353,1.27,178.87,375.75,28.11
2025,9,14,16,10.14,176.32,1.24,126.82,188.82,27.28
2025,9,14,17,10.97,39.42,1.09,34.88,32.29,25.59
2025,9,14,18,10.69,0,1.17,0,0,23.55
2025,9,14,19,10.97,0,1.18,0,0,22.28
2025,9,14,20,11.34,0,1.15,0,0,21.25
2025,9,14,21,11.76,0,1,0,0,20.31
2025,9,14,22,12,0,0.65,0,0,19.68
2025,9,14,23,12.02,0,0.07,0,0,19.36
2025,9,15,0,11.93,0,0.56,0,0,18.88
2025,9,15,1,11.75,0,1.11,0,0,18.24
2025,9,15,2,11.63,0,1.51,0,0,17.4
2025,9,15,3,11.57,0,1.75,0,0,16.67
2025,9,15,4,11.59,0,1.97,0,0,16.09
2025,9,15,5,11.67,3.72,2.11,5.65,6.91,15.95
2025,9,15,6,11.65,95.28,2.41,58.22,228.47,17.33
2025,9,15,7,11.73,277.33,2.32,104.14,491.65,19.39
2025,9,15,8,11.19,467.92,2.64,114.69,677.53,22.24
2025,9,15,9,9.82,594.8,2.63,149.81,656.06,24.36
2025,9,15,10,9.16,724.25,2.48,153.52,755.59,25.88
2025,9,15,11,8.82,740.78,2.43,210.67,661.17,27
2025,9,15,12,8.59,740.83,2.47,171.15,727.04,27.72
2025,9,15,13,8.4,659.3,2.5,201.54,637.25,28.12
2025,9,15,14,8.24,457.9,2.56,299.08,221.71,28.18
2025,9,15,15,8.1,312.42,2.63,235.25,137.96,27.55
2025,9,15,16,8.29,152.65,2.68,121.96,64.86,26.26
2025,9,15,17,9.06,31.48,2.72,29.14,23.74,23.84
2025,9,15,18,9.35,0,2.88,0,0,21.42
2025,9,15,19,10.08,0,2.7,0,0,20.49
2025,9,15,20,10.82,0,2.22,0,0,19.53
2025,9,15,21,11.33,0,1.96,0,0,18.86
2025,9,15,22,11.62,0,1.8,0,0,18.07
2025,9,15,23,11.82,0,1.8,0,0,17.61
2025,9,16,0,12,0,1.88,0,0,17.41
2025,9,16,1,12.18,0,2.06,0,0,17.38
2025,9,16,2,12.3,0,2.31,0,0,17.28
2025,9,16,3,12.34,0,2.42,0,0,17.14
2025,9,16,4,12.26,0,2.43,0,0,17.07
2025,9,16,5,12.07,3.1,2.37,3.55,0,16.78
2025,9,16,6,11.88,69.72,2.74,61.11,14.49,17.62
2025,9,16,7,11.07,169.18,3.3,143.92,1.61,19.08
2025,9,16,8,9.62,274.77,3.72,234.99,25.76,20.79
2025,9,16,9,8.71,387.35,3.96,321.79,34.79,22.23
2025,9,16,10,8.14,481.35,4.14,388.15,56.48,23.29
2025,9,16,11,7.83,520.85,4.21,399.63,59,23.92
2025,9,16,12,7.66,398.17,4.22,326.88,8.98,24.34
2025,9,16,13,7.52,358.05,4.16,297.05,8.53,24.46
2025,9,16,14,7.41,305.52,4.09,260.34,13.21,24.12
2025,9,16,15,7.41,212.75,4.02,181.13,1.47,23.38
2025,9,16,16,7.7,112.45,3.75,97.36,0.28,22.3
2025,9,16,17,8.12,17.02,3.3,16.62,0,20.63
2025,9,16,18,8.5,0,2.99,0,0,18.92
2025,9,16,19,8.84,0,3.09,0,0,18.3
2025,9,16,20,9.17,0,3.27,0,0,17.91
2025,9,16,21,9.5,0,3.37,0,0,17.48
2025,9,16,22,9.72,0,3.27,0,0,17.16
2025,9,16,23,9.82,0,3.13,0,0,17.1
2025,9,17,0,9.89,0,3.02,0,0,17.06
2025,9,17,1,9.92,0,3.07,0,0,16.84
2025,9,17,2,9.93,0,3.23,0,0,16.74
2025,9,17,3,9.95,0,3.43,0,0,16.79
2025,9,17,4,9.95,0,3.52,0,0,16.8
2025,9,17,5,9.95,0,3.75,0,0,16.75
2025,9,17,6,9.78,59.12,3.9,47.32,75.73,16.88
2025,9,17,7,9.21,138.68,3.92,99.1,133.44,17.39
2025,9,17,8,8.58,216,3.94,146.33,187.34,18.14
2025,9,17,9,8.45,230.1,3.85,181.85,57.75,19.16
2025,9,17,10,8.87,262.55,3.77,206.28,56.96,20.19
2025,9,17,11,9.53,221.5,3.7,180.8,10.93,20.95
2025,9,17,12,10.11,266.38,3.57,188.09,62.91,21.44
2025,9,17,13,10.57,154.38,3.4,126.39,21.49,21.97
2025,9,17,14,10.92,185.12,3.15,131.44,67.45,22.42
2025,9,17,15,11.17,123.55,2.95,93.07,49.99,22.56
2025,9,17,16,11.38,64.82,2.73,49.57,33.71,22.21
2025,9,17,17,11.73,14.62,2.13,14.62,9.81,21.01
2025,9,17,18,11.68,0,1.94,0,0,19.58
2025,9,17,19,11.74,0,2.08,0,0,19.02
2025,9,17,20,11.7,0,2.13,0,0,18.59
2025,9,17,21,11.59,0,2.04,0,0,18.17
2025,9,17,22,11.52,0,2.05,0,0,17.62
2025,9,17,23,11.54,0,1.98,0,0,17.2
2025,9,18,0,11.59,0,1.86,0,0,17.08
2025,9,18,1,11.58,0,2.01,0,0,17.1
2025,9,18,2,11.45,0,2.11,0,0,16.88
2025,9,18,3,11.27,0,2.06,0,0,16.54
2025,9,18,4,11.07,0,1.88,0,0,16.09
2025,9,18,5,10.88,0,1.71,0,0,15.62
2025,9,18,6,10.94,84.6,1.94,51.73,214.67,16.57
2025,9,18,7,11.15,217.15,1.48,82.96,431.92,18.58
2025,9,18,8,10.97,382.83,1.57,129.97,519.81,21.84
2025,9,18,9,10.53,557.17,1.39,122.63,693.8,24.4
2025,9,18,10,10.23,709.25,1.14,121.05,810.97,26.33
2025,9,18,11,9.87,739.08,1.09,137.1,768.22,27.79
2025,9,18,12,9.73,753.03,1.33,93.31,883.83,28.78
2025,9,18,13,9.65,679.33,1.65,81.86,858.04,29.45
2025,9,18,14,9.52,558.75,1.86,77.7,818.36,29.69
2025,9,18,15,9.41,397.15,1.88,70.07,739.88,29.39
2025,9,18,16,9.65,211.73,1.68,54.96,583.74,28.5
2025,9,18,17,10.74,40.05,1.39,21.64,193.32,25.84
2025,9,18,18,10.51,0,1.6,0,0,23.21
2025,9,18,19,10.74,0,1.65,0,0,21.87
2025,9,18,20,10.77,0,1.59,0,0,20.55
2025,9,18,21,10.7,0,1.72,0,0,19.29
2025,9,18,22,10.5,0,1.81,0,0,18.64
2025,9,18,23,10.24,0,2.01,0,0,18.25
2025,9,19,0,9.99,0,2.17,0,0,18
2025,9,19,1,9.9,0,2.34,0,0,17.99
2025,9,19,2,9.96,0,2.46,0,0,18.35
2025,9,19,3,10.07,0,2.34,0,0,18.17
2025,9,19,4,10.24,0,2.27,0,0,17.74
2025,9,19,5,10.44,0,2.24,0,0,17.27
2025,9,19,6,10.69,88.43,2.38,53.29,187.53,18.34
2025,9,19,7,11.04,264.33,2.2,89.3,509.31,20.86
2025,9,19,8,11.54,445.15,2.83,106.03,667.44,24.48
2025,9,19,9,11.24,595.85,3.05,116.87,742.34,26.63
2025,9,19,10,10.71,704.92,3,118.83,795.99,27.92
2025,9,19,11,10.32,764.72,2.85,107.97,868.17,28.85
2025,9,19,12,9.99,701.38,2.71,171.01,674.96,29.55
2025,9,19,13,9.65,666.42,2.62,103.24,822.27,29.99
2025,9,19,14,9.31,480,2.51,164.78,507.89,30.06
2025,9,19,15,9.04,317.9,2.4,140.16,383.03,29.57
2025,9,19,16,9.04,149.88,2.2,85.68,214.78,28.58
2025,9,19,17,9.63,24.9,1.74,20.74,27.59,25.99
2025,9,19,18,9.3,0,2.14,0,0,23.11
2025,9,19,19,9.07,0,2.7,0,0,22.09
2025,9,19,20,8.76,0,2.81,0,0,20.89
2025,9,19,21,8.33,0,2.93,0,0,19.73
2025,9,19,22,7.94,0,3,0,0,18.66
2025,9,19,23,7.74,0,3,0,0,17.69
2025,9,20,0,7.74,0,2.96,0,0,16.87
2025,9,20,1,7.71,0,2.89,0,0,16.09
2025,9,20,2,7.69,0,2.87,0,0,15.35
2025,9,20,3,7.69,0,2.78,0,0,14.61
2025,9,20,4,7.69,0,2.74,0,0,13.93
2025,9,20,5,7.69,0,2.76,0,0,13.32
2025,9,20,6,7.6,91.72,3.24,54.96,209.88,13.92
2025,9,20,7,6.85,276.23,3.86,86.93,553.18,16.13
2025,9,20,8,6.01,465.15,3.98,99.88,719.63,18.57
2025,9,20,9,5.73,604.1,3.46,131.54,727.65,20.62
2025,9,20,10,5.72,728.92,2.82,94.52,881.68,22.24
2025,9,20,11,5.71,783.2,2.21,86.57,916.45,23.43
2025,9,20,12,5.67,744.7,1.76,143.71,789.83,24.29
2025,9,20,13,5.6,684.8,1.5,95.18,868.22,24.81
2025,9,20,14,5.58,535.92,1.41,134.79,668.95,24.91
2025,9,20,15,5.55,367.23,1.47,122.23,546.41,24.69
2025,9,20,16,5.64,178.9,1.66,83.79,333.43,23.79
2025,9,20,17,6.44,29.38,2.05,24.06,59.52,21.05
2025,9,20,18,6.92,0,2.74,0,0,17.84
2025,9,20,19,7.63,0,2.97,0,0,17.04
2025,9,20,20,8.22,0,2.7,0,0,16.26
2025,9,20,21,8.59,0,2.38,0,0,15.34
2025,9,20,22,8.76,0,2.24,0,0,14.54
2025,9,20,23,8.83,0,2.2,0,0,14.11
2025,9,21,0,8.87,0,2.19,0,0,13.88
2025,9,21,1,8.89,0,2.25,0,0,13.64
2025,9,21,2,8.92,0,2.33,0,0,13.44
2025,9,21,3,8.93,0,2.41,0,0,13.25
2025,9,21,4,8.91,0,2.5,0,0,13
2025,9,21,5,8.85,0,2.61,0,0,12.76
2025,9,21,6,8.79,76.57,2.66,63.78,34.16,14.24
2025,9,21,7,8.19,222.93,3.14,164.38,146.95,16.65
2025,9,21,8,7.06,380.83,3.35,249.89,242.98,18.32
2025,9,21,9,6.25,483.45,3.32,313.2,236.66,19.55
2025,9,21,10,5.86,504.15,3.25,359.29,146.8,20.53
2025,9,21,11,5.62,547.45,3.16,408.22,107.56,21.16
2025,9,21,12,5.49,584.62,3.06,327.69,299.44,21.46
2025,9,21,13,5.43,586.38,2.98,289.95,408.49,21.48
2025,9,21,14,5.42,507.48,2.94,171.38,579.45,21.28
2025,9,21,15,5.42,349.02,2.91,152.54,459.17,20.87
2025,9,21,16,5.43,174.35,2.9,88.75,330.43,20.07
2025,9,21,17,5.7,28.27,2.55,25.05,62.89,18.16
2025,9,21,18,6.15,0,2.32,0,0,15.43
2025,9,21,19,6.61,0,2.22,0,0,14.44
2025,9,21,20,7,0,1.98,0,0,13.63
2025,9,21,21,7.34,0,2.01,0,0,13.15
2025,9,21,22,7.59,0,1.92,0,0,13.03
2025,9,21,23,7.79,0,1.93,0,0,12.84
2025,9,22,0,8,0,1.95,0,0,12.65
2025,9,22,1,8.22,0,1.91,0,0,12.57
2025,9,22,2,8.43,0,1.81,0,0,12.54
2025,9,22,3,8.62,0,1.67,0,0,12.64
2025,9,22,4,8.78,0,1.5,0,0,12.77
2025,9,22,5,8.89,0,1.42,0,0,12.6
2025,9,22,6,9.08,87.1,1.16,40.61,278.22,13.56
2025,9,22,7,8.96,241.68,0.89,75.52,535.03,16.33
2025,9,22,8,8.24,400.98,0.85,112.47,595.39,18.69
2025,9,22,9,7.48,516.58,1.11,159.95,584.8,21.07
2025,9,22,10,7.7,509.95,1.62,146.74,595.17,23.1
2025,9,22,11,8.42,553,2.09,259.33,367.78,24.27
2025,9,22,12,9,596.22,2.45,187.38,584.69,24.93
2025,9,22,13,9.44,504.75,2.71,252.07,363.73,25.2
2025,9,22,14,9.77,505.35,2.91,149.34,603.93,25.15
2025,9,22,15,10.05,334.15,3.11,111.34,529.05,24.66
2025,9,22,16,10.26,164.07,3.29,70.87,371.34,23.73
2025,9,22,17,10.43,23.55,3.18,20.16,57.93,21.98
2025,9,22,18,10.71,0,2.97,0,0,19.87
2025,9,22,19,11.03,0,2.86,0,0,18.85
2025,9,22,20,11.34,0,2.66,0,0,18.18
2025,9,22,21,11.64,0,2.52,0,0,17.71
2025,9,22,22,11.87,0,2.42,0,0,17.51
2025,9,22,23,12.03,0,2.45,0,0,17.48
2025,9,23,0,12.14,0,2.39,0,0,17.35
2025,9,23,1,12.15,0,2.25,0,0,16.94
2025,9,23,2,12.1,0,2.18,0,0,16.37
2025,9,23,3,12.03,0,2.16,0,0,16.04
2025,9,23,4,11.98,0,2.12,0,0,15.82
2025,9,23,5,12,0,2.16,0,0,15.87
2025,9,23,6,12.16,68.3,2.36,57.61,46.07,17.39
2025,9,23,7,12.35,207.15,2.95,144.77,224.77,19.78
2025,9,23,8,12.05,371.15,3.44,177.2,382.84,22.23
2025,9,23,9,11.65,522.7,3.48,189.54,515.62,24.56
2025,9,23,10,11.53,625.6,3.44,200.96,572.45,26.31
2025,9,23,11,11.61,711.25,3.39,152.46,741.42,27.66
2025,9,23,12,11.8,675.92,3.34,159.71,742.02,28.57
2025,9,23,13,12.11,571.45,3.38,242.47,538.7,28.91
2025,9,23,14,12.46,448.77,3.39,166.27,506.03,28.63
2025,9,23,15,12.78,296.45,3.36,146.17,371.84,27.82
2025,9,23,16,13.2,144,3.22,99.24,188.69,26.62
2025,9,23,17,13.46,18.7,3.25,19.98,15.82,24.64
2025,9,23,18,13.66,0,3.32,0,0,22.96
2025,9,23,19,13.86,0,3.19,0,0,22.2
2025,9,23,20,14.01,0,2.85,0,0,21.61
2025,9,23,21,14.1,0,2.7,0,0,21.16
2025,9,23,22,14.11,0,2.55,0,0,20.78
2025,9,23,23,13.92,0,2.36,0,0,20.41
2025,9,24,0,13.68,0,2.2,0,0,19.93
2025,9,24,1,13.48,0,2.11,0,0,19.6
2025,9,24,2,13.28,0,1.91,0,0,19.26
2025,9,24,3,13.07,0,1.79,0,0,18.98
2025,9,24,4,12.91,0,1.79,0,0,18.72
2025,9,24,5,12.85,0,1.64,0,0,18.64
2025,9,24,6,13.26,53.28,1.03,44.97,17.95,19.36
2025,9,24,7,14.44,152.3,0.64,124.87,34.85,20.57
2025,9,24,8,14.26,266.4,0.9,214.72,48.69,24.66
2025,9,24,9,13.09,371.58,1.17,300.07,47.49,25.67
2025,9,24,10,12.58,445.35,1.55,317.68,105.77,25.2
2025,9,24,11,12.61,395.8,1.83,322.4,26.11,25.48
2025,9,24,12,12.66,306.2,1.93,249.17,14.13,25.85
2025,9,24,13,12.74,232.4,1.94,194.49,4.76,26.02
2025,9,24,14,12.9,169.4,1.96,147.13,0,25.52
2025,9,24,15,13.14,100.88,2.16,87.05,0,24.75
2025,9,24,16,13.46,53.65,2.43,47.04,0,23.93
2025,9,24,17,13.79,8.15,2.45,8.29,0,22.54
2025,9,24,18,14.03,0,2.75,0,0,21.25
2025,9,24,19,14.2,0,2.88,0,0,20.63
2025,9,24,20,14.24,0,2.7,0,0,20.32
2025,9,24,21,14.2,0,2.72,0,0,20.15
2025,9,24,22,14.15,0,2.92,0,0,20.02
2025,9,24,23,14.16,0,3.01,0,0,19.96
2025,9,25,0,14.23,0,2.89,0,0,20.02
2025,9,25,1,14.33,0,2.83,0,0,20.13
2025,9,25,2,14.43,0,2.97,0,0,20.21
2025,9,25,3,14.56,0,2.97,0,0,20.3
2025,9,25,4,14.73,0,3.31,0,0,20.5
2025,9,25,5,14.95,0,3.46,0,0,20.72
2025,9,25,6,15.13,28.65,3.26,25.03,0,20.9
2025,9,25,7,15.52,87.12,3.35,76.19,0,21.4
2025,9,25,8,16.08,162.02,3.2,137.58,9.19,22.08
2025,9,25,9,16.58,223.95,3.45,187.4,26.86,22.66
2025,9,25,10,16.85,223.8,3.61,176.02,21.33,23
2025,9,25,11,16.92,209.1,3.83,159.8,35.75,23.3
2025,9,25,12,16.77,175.68,3.98,141.68,15.99,23.61
2025,9,25,13,16.54,186.38,4.29,158.07,0,24.28
2025,9,25,14,16.23,159.2,4.59,136.93,16.73,24.58
2025,9,25,15,16.15,73.55,4.54,64.12,0,24.17
2025,9,25,16,16.24,35.12,4.19,30.8,0,23.48
2025,9,25,17,16.24,4,3.86,4.12,0,22.83
2025,9,25,18,16.21,0,3.75,0,0,22.36
2025,9,25,19,16.2,0,3.71,0,0,22.22
2025,9,25,20,16.21,0,3.51,0,0,22.09
2025,9,25,21,16.15,0,3.26,0,0,21.95
2025,9,25,22,16.04,0,2.93,0,0,21.8
2025,9,25,23,15.84,0,2.78,0,0,21.61
2025,9,26,0,15.4,0,2.42,0,0,21.11
2025,9,26,1,14.77,0,2.1,0,0,20.32
2025,9,26,2,14.04,0,2.03,0,0,19.51
2025,9,26,3,13.42,0,2,0,0,19
2025,9,26,4,12.97,0,1.8,0,0,18.49
2025,9,26,5,12.64,0,1.68,0,0,17.99
2025,9,26,6,12.65,59.58,1.81,48.19,44.79,18.43
2025,9,26,7,12.9,211.52,1.71,139.44,248.24,19.98
2025,9,26,8,12.59,358.98,1.98,187.78,375.69,22.65
2025,9,26,9,12.08,509.08,2.08,225.48,479.62,24.96
2025,9,26,10,11.75,640.88,2.03,173.4,664.84,26.59
2025,9,26,11,11.56,694.42,2.04,132.99,732.66,27.68
2025,9,26,12,11.34,656.7,2.17,117.9,756.35,28.35
2025,9,26,13,11.14,611.45,2.26,132.08,731.52,28.7
2025,9,26,14,10.96,477.98,2.28,123.22,671.47,28.74
2025,9,26,15,10.81,311.52,2.21,107.51,530.97,28.41
2025,9,26,16,10.98,140.65,1.98,71.73,297.69,27.39
2025,9,26,17,11.69,16.4,1.55,19.49,37.01,24.83
2025,9,26,18,11.54,0,1.77,0,0,22.53
2025,9,26,19,11.58,0,1.83,0,0,22.1
2025,9,26,20,11.56,0,1.94,0,0,21.5
2025,9,26,21,11.45,0,2.06,0,0,20.61
2025,9,26,22,11.42,0,2.16,0,0,19.93
2025,9,26,23,11.44,0,2.22,0,0,19.27
2025,9,27,0,11.53,0,2.14,0,0,18.52
2025,9,27,1,11.63,0,2.09,0,0,17.7
2025,9,27,2,11.69,0,2.01,0,0,17.23
2025,9,27,3,11.67,0,2.03,0,0,16.64
2025,9,27,4,11.53,0,2.14,0,0,16.36
2025,9,27,5,11.31,0,2.02,0,0,15.86
2025,9,27,6,11.13,63.47,2.05,52.56,83.94,16.48
2025,9,27,7,10.95,223,1.75,136.8,298.25,18.8
2025,9,27,8,9.93,392.77,2.28,169.17,496.52,22.51
2025,9,27,9,9.42,534.45,1.91,164.6,657.97,24.87
2025,9,27,10,9.16,535.33,1.42,303.72,299.53,26.46
2025,9,27,11,8.99,609.6,0.64,276.94,505.2,27.42
2025,9,27,12,9.02,528.28,0.36,364.13,226.12,28.2
2025,9,27,13,9.13,429.9,0.84,352.54,68.81,28.41
2025,9,27,14,9.31,289.12,1.37,240.92,22.34,27.93
2025,9,27,15,9.68,184.4,1.94,159.7,14.16,26.71
2025,9,27,16,10.64,89.62,2.3,78.68,7.84,24.98
2025,9,27,17,10.94,8.65,2.61,9.08,0,23.07
2025,9,27,18,11.29,0,2.4,0,0,21.69
2025,9,27,19,11.87,0,1.96,0,0,21.01
2025,9,27,20,12.39,0,1.59,0,0,20.62
2025,9,27,21,12.82,0,1.52,0,0,20.41
2025,9,27,22,13.14,0,1.28,0,0,20.14
2025,9,27,23,13.34,0,1.04,0,0,19.87
2025,9,28,0,13.44,0,0.86,0,0,19.64
2025,9,28,1,13.41,0,0.81,0,0,19.5
2025,9,28,2,13.32,0,0.7,0,0,19.36
2025,9,28,3,12.68,0,0.6,0,0,19.23
2025,9,28,4,12.35,0,0.53,0,0,18.87
2025,9,28,5,12.03,0,0.74,0,0,18.38
2025,9,28,6,12.19,51.08,1.01,47.49,23.43,18.39
2025,9,28,7,12.58,194.27,1.21,124.15,200.5,19.34
2025,9,28,8,12.38,373.8,1.54,178.32,410.96,21.57
2025,9,28,9,11.49,531.72,1.51,157.11,606.54,23.74
2025,9,28,10,11.24,633.85,1.34,158.74,661.19,26.16
2025,9,28,11,11.05,691.03,1.31,121.42,790.14,28
2025,9,28,12,10.86,664.67,1.39,190.4,654.91,29.17
2025,9,28,13,10.66,617.67,1.35,96.91,801.81,29.99
2025,9,28,14,10.42,480.83,1.29,121.61,653.65,30.35
2025,9,28,15,10.33,339.52,1.14,85.13,670.42,29.99
2025,9,28,16,10.79,152.73,1.06,69.23,391.96,28.94
2025,9,28,17,11.66,14.77,1.58,15.25,43.71,26.07
2025,9,28,18,11.77,0,2.19,0,0,23.88
2025,9,28,19,12.19,0,2.08,0,0,22.77
2025,9,28,20,12.51,0,1.6,0,0,21.84
2025,9,28,21,12.8,0,1.16,0,0,20.98
2025,9,28,22,12.82,0,1.36,0,0,20.35
2025,9,28,23,12.61,0,1.9,0,0,20.18
2025,9,29,0,12.36,0,2.24,0,0,19.72
2025,9,29,1,12.05,0,2.45,0,0,19.05
2025,9,29,2,11.71,0,2.6,0,0,18.35
2025,9,29,3,11.37,0,2.69,0,0,17.52
2025,9,29,4,11.04,0,2.7,0,0,16.69
2025,9,29,5,10.73,0,2.6,0,0,15.91
2025,9,29,6,10.4,49.58,2.77,43.52,25.48,16.06
2025,9,29,7,9.95,162.52,2.6,141.07,51.97,17.99
2025,9,29,8,8.59,295.95,2.48,239.24,60.93,21.04
2025,9,29,9,6.61,402.4,2.84,335.81,65.03,23.66
2025,9,29,10,6.14,515.12,2.13,396.42,154.17,25.15
2025,9,29,11,6.03,584.85,1.4,438.54,346.69,26.29
2025,9,29,12,5.9,459.3,0.9,373.9,57.22,27.04
2025,9,29,13,5.76,374.7,0.79,309.21,28.8,27.24
2025,9,29,14,5.52,293.98,0.86,246.64,34.44,26.84
2025,9,29,15,5.62,183,0.98,157.36,28.21,26.15
2025,9,29,16,7.06,84.97,0.84,71.98,33.72,24.42
2025,9,29,17,6.99,6.8,0.74,7.11,0,22.81
2025,9,29,18,6.98,0,0.78,0,0,21.7
2025,9,29,19,7.31,0,1.05,0,0,20.73
2025,9,29,20,7.74,0,1.34,0,0,19.71
2025,9,29,21,8.12,0,1.52,0,0,18.72
2025,9,29,22,8.3,0,1.66,0,0,17.92
2025,9,29,23,8.32,0,1.83,0,0,17.28
2025,9,30,0,8.27,-999,1.83,-999,-999,16.8
2025,9,30,1,8.28,-999,1.99,-999,-999,16.39
2025,9,30,2,8.38,-999,2.08,-999,-999,16.03
2025,9,30,3,8.58,-999,2.13,-999,-999,15.8
2025,9,30,4,8.78,-999,2.24,-999,-999,15.8
2025,9,30,5,8.92,-999,2.24,-999,-999,15.67
2025,9,30,6,9.06,-999,2.26,-999,-999,15.89
2025,9,30,7,9.17,-999,2.48,-999,-999,17.18
2025,9,30,8,9.24,-999,2.46,-999,-999,19.05
2025,9,30,9,8.9,-999,3.2,-999,-999,21.77
2025,9,30,10,8.38,-999,3.42,-999,-999,23.95
2025,9,30,11,8.11,-999,3.12,-999,-999,25.4
2025,9,30,12,7.81,-999,2.92,-999,-999,26.3
2025,9,30,13,7.68,-999,2.89,-999,-999,26.85
2025,9,30,14,7.69,-999,2.92,-999,-999,27.05
2025,9,30,15,7.88,-999,2.83,-999,-999,26.64
2025,9,30,16,8.75,-999,2.23,-999,-999,25.49
2025,9,30,17,9.14,-999,2.04,-999,-999,22.49
2025,9,30,18,9.12,-999,2.19,-999,-999,20.64
2025,9,30,19,9.38,-999,2.31,-999,-999,19.82
2025,9,30,20,9.52,-999,2.74,-999,-999,19.03
2025,9,30,21,9.46,-999,2.88,-999,-999,18.19
2025,9,30,22,9.1,-999,3.14,-999,-999,17.31
2025,9,30,23,8.4,-999,3.52,-999,-999,16.32
2025,10,1,0,7.55,-999,3.78,-999,-999,15.25
2025,10,1,1,6.97,-999,3.79,-999,-999,14.15
2025,10,1,2,6.74,-999,3.67,-999,-999,13.22
2025,10,1,3,6.66,-999,3.58,-999,-999,12.56
2025,10,1,4,6.67,-999,3.53,-999,-999,12.01
2025,10,1,5,6.69,-999,3.47,-999,-999,11.45
2025,10,1,6,6.65,-999,3.68,-999,-999,11.41
2025,10,1,7,6.34,-999,4.62,-999,-999,13.27
2025,10,1,8,5.72,-999,4.96,-999,-999,15.29
2025,10,1,9,5.33,-999,4.71,-999,-999,16.91
2025,10,1,10,5.04,-999,4.3,-999,-999,18.43
2025,10,1,11,4.81,-999,3.92,-999,-999,19.8
2025,10,1,12,4.66,-999,3.78,-999,-999,20.89
2025,10,1,13,4.57,-999,3.82,-999,-999,21.58
2025,10,1,14,4.56,-999,3.93,-999,-999,21.75
2025,10,1,15,4.57,-999,3.98,-999,-999,21.42
2025,10,1,16,4.66,-999,3.74,-999,-999,20.51
2025,10,1,17,4.98,-999,2.68,-999,-999,17.85
2025,10,1,18,5.27,-999,2.63,-999,-999,15.05
2025,10,1,19,5.49,-999,2.79,-999,-999,14.57
2025,10,1,20,5.71,-999,2.74,-999,-999,13.71
2025,10,1,21,5.87,-999,2.68,-999,-999,12.89
2025,10,1,22,6.01,-999,2.57,-999,-999,12.15
2025,10,1,23,6.1,-999,2.49,-999,-999,11.48
2025,10,2,0,6.16,-999,2.56,-999,-999,11.1
2025,10,2,1,6.27,-999,2.53,-999,-999,10.63
2025,10,2,2,6.3,-999,2.57,-999,-999,10.23
2025,10,2,3,6.3,-999,2.67,-999,-999,10.01
2025,10,2,4,6.31,-999,2.78,-999,-999,9.79
2025,10,2,5,6.32,-999,2.74,-999,-999,9.46
2025,10,2,6,6.2,-999,2.78,-999,-999,10.05
2025,10,2,7,5.59,-999,3.4,-999,-999,12.82
2025,10,2,8,4.87,-999,3.31,-999,-999,14.79
2025,10,2,9,4.52,-999,2.91,-999,-999,16.44
2025,10,2,10,4.21,-999,2.6,-999,-999,17.83
2025,10,2,11,3.95,-999,2.3,-999,-999,18.98
2025,10,2,12,3.74,-999,1.94,-999,-999,19.82
2025,10,2,13,3.58,-999,1.57,-999,-999,20.24
2025,10,2,14,3.5,-999,1.35,-999,-999,20.22
2025,10,2,15,3.51,-999,1.44,-999,-999,19.76
2025,10,2,16,3.81,-999,1.73,-999,-999,18.61
2025,10,2,17,4.59,-999,2.12,-999,-999,15.23
2025,10,2,18,4.75,-999,2.47,-999,-999,13.2
2025,10,2,19,5.15,-999,2.51,-999,-999,12.81
2025,10,2,20,5.53,-999,2.36,-999,-999,12.06
2025,10,2,21,5.87,-999,2.3,-999,-999,11.27
2025,10,2,22,6.09,-999,2.22,-999,-999,10.96
2025,10,2,23,6.23,-999,2.13,-999,-999,10.92
2025,10,3,0,6.33,-999,2.08,-999,-999,10.91
2025,10,3,1,6.41,-999,2.05,-999,-999,10.96
2025,10,3,2,6.47,-999,2.02,-999,-999,10.71
2025,10,3,3,6.5,-999,2.01,-999,-999,10.11
2025,10,3,4,6.52,-999,1.96,-999,-999,9.63
2025,10,3,5,6.52,-999,1.92,-999,-999,9.23
2025,10,3,6,6.55,-999,1.92,-999,-999,9.8
2025,10,3,7,6.5,-999,1.81,-999,-999,12.78
2025,10,3,8,6.07,-999,2.18,-999,-999,15.95
2025,10,3,9,5.78,-999,2.2,-999,-999,18.41
2025,10,3,10,5.86,-999,2.2,-999,-999,20.07
2025,10,3,11,6,-999,2.38,-999,-999,21.33
2025,10,3,12,6.12,-999,2.59,-999,-999,22.26
2025,10,3,13,6.22,-999,2.76,-999,-999,22.84
2025,10,3,14,6.38,-999,2.87,-999,-999,23.02
2025,10,3,15,6.52,-999,2.92,-999,-999,22.76
2025,10,3,16,6.93,-999,2.92,-999,-999,21.68
2025,10,3,17,7.48,-999,2.94,-999,-999,18.32
2025,10,3,18,7.85,-999,3.23,-999,-999,16.75
2025,10,3,19,8.32,-999,2.99,-999,-999,16.11
2025,10,3,20,8.63,-999,2.84,-999,-999,15.41
2025,10,3,21,8.72,-999,2.77,-999,-999,14.77
2025,10,3,22,8.59,-999,2.72,-999,-999,14.12
2025,10,3,23,8.34,-999,2.55,-999,-999,13.37
2025,10,4,0,8.01,-999,2.48,-999,-999,12.61
2025,10,4,1,7.7,-999,2.41,-999,-999,11.97
2025,10,4,2,7.5,-999,2.34,-999,-999,11.4
2025,10,4,3,7.44,-999,2.27,-999,-999,10.91
2025,10,4,4,7.47,-999,2.16,-999,-999,10.55
2025,10,4,5,7.55,-999,2.1,-999,-999,10.26
2025,10,4,6,7.66,-999,2.06,-999,-999,10.84
2025,10,4,7,7.8,-999,1.84,-999,-999,13.44
2025,10,4,8,8.07,-999,1.21,-999,-999,17.06
2025,10,4,9,8.35,-999,1.42,-999,-999,21.88
2025,10,4,10,7.67,-999,1.16,-999,-999,25.65
2025,10,4,11,7.09,-999,1.05,-999,-999,27.29
2025,10,4,12,6.94,-999,1.01,-999,-999,28.33
2025,10,4,13,6.98,-999,0.92,-999,-999,28.98
2025,10,4,14,7.14,-999,0.88,-999,-999,29.19
2025,10,4,15,7.4,-999,0.88,-999,-999,28.86
2025,10,4,16,8.46,-999,0.75,-999,-999,27.69
2025,10,4,17,8.95,-999,1.13,-999,-999,24.92
2025,10,4,18,9.46,-999,1.73,-999,-999,22.75
2025,10,4,19,10.14,-999,2.34,-999,-999,20.92
2025,10,4,20,10.64,-999,2.58,-999,-999,19.63
2025,10,4,21,10.92,-999,2.45,-999,-999,18.79
2025,10,4,22,10.79,-999,2.19,-999,-999,18.22
2025,10,4,23,10.4,-999,1.99,-999,-999,17.76
2025,10,5,0,10.03,-999,1.88,-999,-999,17.48
2025,10,5,1,9.67,-999,1.63,-999,-999,17.23
2025,10,5,2,9.43,-999,1.33,-999,-999,17.01
2025,10,5,3,9.33,-999,1.24,-999,-999,16.52
2025,10,5,4,9.47,-999,1.59,-999,-999,15.7
2025,10,5,5,9.83,-999,1.77,-999,-999,14.91
2025,10,5,6,10.24,-999,1.88,-999,-999,15.14
2025,10,5,7,10.62,-999,1.67,-999,-999,17.77
2025,10,5,8,10.82,-999,1.08,-999,-999,20.86
2025,10,5,9,10.46,-999,1.35,-999,-999,24.56
2025,10,5,10,9.53,-999,1.62,-999,-999,27.39
2025,10,5,11,9.33,-999,1.85,-999,-999,28.61
2025,10,5,12,9.28,-999,2.05,-999,-999,29.22
2025,10,5,13,9.28,-999,2.26,-999,-999,29.39
2025,10,5,14,9.28,-999,2.45,-999,-999,29.13
2025,10,5,15,9.31,-999,2.59,-999,-999,28.37
2025,10,5,16,9.62,-999,2.66,-999,-999,26.84
2025,10,5,17,10.14,-999,2.47,-999,-999,23.49
2025,10,5,18,10.43,-999,2.77,-999,-999,21.47
2025,10,5,19,10.89,-999,2.58,-999,-999,20.21
2025,10,5,20,11.33,-999,2.39,-999,-999,19.14
2025,10,5,21,11.68,-999,2.29,-999,-999,18.28
2025,10,5,22,11.88,-999,2.24,-999,-999,17.5
2025,10,5,23,11.89,-999,2.34,-999,-999,16.92
2025,10,6,0,11.7,-999,2.41,-999,-999,16.51
2025,10,6,1,11.35,-999,2.43,-999,-999,16.05
2025,10,6,2,10.91,-999,2.4,-999,-999,15.55
2025,10,6,3,10.51,-999,2.32,-999,-999,15
2025,10,6,4,10.21,-999,2.17,-999,-999,14.42
2025,10,6,5,9.95,-999,2.09,-999,-999,13.88
2025,10,6,6,9.7,-999,1.88,-999,-999,14.19
2025,10,6,7,9.52,-999,1.64,-999,-999,17.19
2025,10,6,8,8.89,-999,1.56,-999,-999,20.37
2025,10,6,9,7.82,-999,1.83,-999,-999,23.78
2025,10,6,10,7.18,-999,1.91,-999,-999,25.74
2025,10,6,11,6.81,-999,2.19,-999,-999,26.96
2025,10,6,12,6.8,-999,2.56,-999,-999,27.65
2025,10,6,13,6.97,-999,2.99,-999,-999,27.82
2025,10,6,14,7.21,-999,3.38,-999,-999,27.39
2025,10,6,15,7.59,-999,3.72,-999,-999,26.37
2025,10,6,16,8.41,-999,3.83,-999,-999,24.49
2025,10,6,17,9.39,-999,3.6,-999,-999,21.57
2025,10,6,18,10.41,-999,3.32,-999,-999,19.65
2025,10,6,19,11.24,-999,2.86,-999,-999,18.46
2025,10,6,20,11.79,-999,2.65,-999,-999,17.67
2025,10,6,21,12.07,-999,2.56,-999,-999,17.21
2025,10,6,22,12.1,-999,2.51,-999,-999,16.84
2025,10,6,23,11.99,-999,2.52,-999,-999,16.5
2025,10,7,0,11.83,-999,2.52,-999,-999,16.32
2025,10,7,1,11.67,-999,2.52,-999,-999,16.28
2025,10,7,2,11.55,-999,2.48,-999,-999,16.48
2025,10,7,3,11.48,-999,2.37,-999,-999,16.56
2025,10,7,4,11.5,-999,2.24,-999,-999,16.45
2025,10,7,5,11.54,-999,2.25,-999,-999,16.07
2025,10,7,6,11.55,-999,2.44,-999,-999,16.25
2025,10,7,7,11.56,-999,2.96,-999,-999,18.64
2025,10,7,8,11.37,-999,3.47,-999,-999,21.24
2025,10,7,9,10.96,-999,3.81,-999,-999,23.6
2025,10,7,10,10.64,-999,4.23,-999,-999,25.23
2025,10,7,11,10.49,-999,4.67,-999,-999,26.07
2025,10,7,12,10.49,-999,4.94,-999,-999,25.84
2025,10,7,13,10.65,-999,4.97,-999,-999,25.31
2025,10,7,14,10.89,-999,5.04,-999,-999,25
2025,10,7,15,11.07,-999,5.11,-999,-999,24.82
2025,10,7,16,11.29,-999,5.09,-999,-999,24.09
2025,10,7,17,11.83,-999,4.83,-999,-999,22.64
2025,10,7,18,12.47,-999,4.65,-999,-999,21.36
2025,10,7,19,12.89,-999,4.49,-999,-999,20.7
2025,10,7,20,13.01,-999,4.34,-999,-999,20.4
2025,10,7,21,12.95,-999,4.38,-999,-999,20.18
2025,10,7,22,12.75,-999,4.67,-999,-999,20.19
2025,10,7,23,12.51,-999,4.86,-999,-999,20.3
2025,10,8,0,12.73,-999,5.01,-999,-999,20.29
2025,10,8,1,12.97,-999,5.01,-999,-999,20.3
2025,10,8,2,13.21,-999,4.86,-999,-999,20.2
2025,10,8,3,13.34,-999,4.79,-999,-999,19.88
2025,10,8,4,13.37,-999,4.41,-999,-999,19.55
2025,10,8,5,13.43,-999,4.22,-999,-999,19.41
2025,10,8,6,13.55,-999,3.65,-999,-999,19.4
2025,10,8,7,13.38,-999,2.7,-999,-999,19.22
2025,10,8,8,12.48,-999,3.09,-999,-999,18.4
2025,10,8,9,10.99,-999,4.61,-999,-999,16.97
2025,10,8,10,9.93,-999,5.31,-999,-999,16.24
2025,10,8,11,9.16,-999,5.34,-999,-999,17.16
2025,10,8,12,8.44,-999,5.08,-999,-999,18.95
2025,10,8,13,7.6,-999,5.09,-999,-999,20.45
2025,10,8,14,6.81,-999,5.26,-999,-999,21.03
2025,10,8,15,6.37,-999,5.22,-999,-999,20.76
2025,10,8,16,6.17,-999,4.68,-999,-999,19.66
2025,10,8,17,6.18,-999,3.61,-999,-999,17.44
2025,10,8,18,6.09,-999,3.4,-999,-999,15.89
2025,10,8,19,6.02,-999,3.37,-999,-999,15
2025,10,8,20,5.98,-999,3.43,-999,-999,14.18
2025,10,8,21,5.93,-999,3.61,-999,-999,13.52
2025,10,8,22,5.92,-999,3.51,-999,-999,12.75
2025,10,8,23,5.94,-999,3.56,-999,-999,12.2
2025,10,9,0,6,-999,3.62,-999,-999,11.72
2025,10,9,1,6.06,-999,3.68,-999,-999,11.27
2025,10,9,2,6.05,-999,3.6,-999,-999,10.79
2025,10,9,3,6.01,-999,3.38,-999,-999,10.18
2025,10,9,4,5.99,-999,3.25,-999,-999,9.55
2025,10,9,5,5.94,-999,3.31,-999,-999,8.98
2025,10,9,6,5.76,-999,3.67,-999,-999,8.88
2025,10,9,7,5.12,-999,4.71,-999,-999,10.28
2025,10,9,8,4.15,-999,4.97,-999,-999,11.64
2025,10,9,9,3.67,-999,4.7,-999,-999,12.91
2025,10,9,10,3.37,-999,4.43,-999,-999,14.07
2025,10,9,11,3.18,-999,4.17,-999,-999,15.02
2025,10,9,12,3.06,-999,3.9,-999,-999,15.78
2025,10,9,13,2.98,-999,3.64,-999,-999,16.23
2025,10,9,14,2.93,-999,3.38,-999,-999,16.33
2025,10,9,15,2.95,-999,3.16,-999,-999,15.94
2025,10,9,16,3.06,-999,2.83,-999,-999,14.86
2025,10,9,17,3.52,-999,2.24,-999,-999,11.38
2025,10,9,18,3.63,-999,2.5,-999,-999,9.48
2025,10,9,19,3.72,-999,2.53,-999,-999,8.85
2025,10,9,20,3.82,-999,2.46,-999,-999,8.13
2025,10,9,21,3.92,-999,2.43,-999,-999,7.49
2025,10,9,22,4.01,-999,2.44,-999,-999,7
2025,10,9,23,4.09,-999,2.48,-999,-999,6.63
2025,10,10,0,4.17,-999,2.53,-999,-999,6.4
2025,10,10,1,4.24,-999,2.42,-999,-999,6
2025,10,10,2,4.28,-999,2.31,-999,-999,5.52
2025,10,10,3,4.32,-999,2.37,-999,-999,5.14
2025,10,10,4,4.37,-999,2.34,-999,-999,4.86
2025,10,10,5,4.43,-999,2.32,-999,-999,4.6
2025,10,10,6,4.5,-999,2.22,-999,-999,4.95
2025,10,10,7,4.58,-999,1.92,-999,-999,8.15
2025,10,10,8,4.35,-999,1.54,-999,-999,11.43
2025,10,10,9,4.15,-999,1.34,-999,-999,13.94
2025,10,10,10,4.23,-999,1.47,-999,-999,15.48
2025,10,10,11,4.43,-999,1.82,-999,-999,16.62
2025,10,10,12,4.64,-999,2.28,-999,-999,17.4
2025,10,10,13,4.87,-999,2.72,-999,-999,17.76
2025,10,10,14,5.1,-999,2.98,-999,-999,17.61
2025,10,10,15,5.31,-999,3.22,-999,-999,16.96
2025,10,10,16,5.54,-999,3.45,-999,-999,15.84
2025,10,10,17,5.81,-999,2.93,-999,-999,13.82
2025,10,10,18,6.05,-999,2.92,-999,-999,12.67
2025,10,10,19,6.26,-999,2.91,-999,-999,12.7
2025,10,10,20,6.47,-999,2.85,-999,-999,12.99
2025,10,10,21,6.68,-999,2.75,-999,-999,13.41
2025,10,10,22,6.91,-999,2.41,-999,-999,13.67
2025,10,10,23,7.12,-999,2.03,-999,-999,13.71
2025,10,11,0,7.29,-999,1.72,-999,-999,13.39
2025,10,11,1,7.46,-999,1.75,-999,-999,13.13
2025,10,11,2,7.66,-999,1.83,-999,-999,13
2025,10,11,3,7.87,-999,1.83,-999,-999,13.01
2025,10,11,4,8.03,-999,1.66,-999,-999,13.22
2025,10,11,5,8.13,-999,1.19,-999,-999,13.6
2025,10,11,6,8.25,-999,1.14,-999,-999,13.62
2025,10,11,7,8.55,-999,1.38,-999,-999,14.96
2025,10,11,8,8.61,-999,2,-999,-999,16.54
2025,10,11,9,8.71,-999,2.55,-999,-999,18.1
2025,10,11,10,8.89,-999,3.01,-999,-999,19.06
2025,10,11,11,9.21,-999,3.39,-999,-999,19.36
2025,10,11,12,9.49,-999,3.7,-999,-999,19.77
2025,10,11,13,9.6,-999,3.93,-999,-999,19.82
2025,10,11,14,9.75,-999,4.1,-999,-999,19.43
2025,10,11,15,9.96,-999,4.23,-999,-999,18.91
2025,10,11,16,10.12,-999,4.12,-999,-999,18.18
2025,10,11,17,10.23,-999,3.9,-999,-999,17.13
2025,10,11,18,10.28,-999,3.86,-999,-999,16.37
2025,10,11,19,10.23,-999,3.96,-999,-999,16.01
2025,10,11,20,10.13,-999,3.95,-999,-999,15.75
2025,10,11,21,10.07,-999,3.84,-999,-999,15.45
2025,10,11,22,9.99,-999,3.89,-999,-999,15.09
2025,10,11,23,9.84,-999,4.04,-999,-999,14.71
2025,10,12,0,9.66,-999,4.14,-999,-999,14.4
2025,10,12,1,9.49,-999,4.27,-999,-999,14.21
2025,10,12,2,9.34,-999,4.39,-999,-999,14.09
2025,10,12,3,9.13,-999,4.6,-999,-999,13.86
2025,10,12,4,8.87,-999,4.78,-999,-999,13.51
2025,10,12,5,8.64,-999,4.79,-999,-999,13.14
2025,10,12,6,8.44,-999,4.91,-999,-999,12.87
2025,10,12,7,8.38,-999,5.2,-999,-999,13.18
2025,10,12,8,8.22,-999,6.07,-999,-999,13.96
2025,10,12,9,7.81,-999,6.29,-999,-999,14.71
2025,10,12,10,7.43,-999,6.28,-999,-999,15.27
2025,10,12,11,7.3,-999,6.2,-999,-999,15.51
2025,10,12,12,7.4,-999,6.12,-999,-999,15.64
2025,10,12,13,7.66,-999,6.18,-999,-999,15.47
2025,10,12,14,7.95,-999,6.22,-999,-999,15.11
2025,10,12,15,8.26,-999,6.24,-999,-999,14.67
2025,10,12,16,8.51,-999,6.23,-999,-999,14.1
2025,10,12,17,8.66,-999,6.31,-999,-999,13.64
2025,10,12,18,8.78,-999,6.39,-999,-999,13.55
2025,10,12,19,8.89,-999,6.31,-999,-999,13.61
2025,10,12,20,8.95,-999,6.31,-999,-999,13.64
2025,10,12,21,8.97,-999,6.36,-999,-999,13.56
2025,10,12,22,8.96,-999,6.58,-999,-999,13.46
2025,10,12,23,8.92,-999,6.77,-999,-999,13.34
2025,10,13,0,8.84,-999,6.88,-999,-999,13.21
2025,10,13,1,8.74,-999,6.96,-999,-999,13.04
2025,10,13,2,8.62,-999,7.12,-999,-999,12.83
2025,10,13,3,8.49,-999,7.37,-999,-999,12.64
2025,10,13,4,8.37,-999,7.49,-999,-999,12.48
2025,10,13,5,8.24,-999,7.67,-999,-999,12.35
2025,10,13,6,8.13,-999,7.65,-999,-999,12.24
2025,10,13,7,8.11,-999,7.62,-999,-999,12.3
2025,10,13,8,8.2,-999,7.6,-999,-999,12.61
2025,10,13,9,8.35,-999,7.67,-999,-999,13.08
2025,10,13,10,8.54,-999,7.94,-999,-999,13.7
2025,10,13,11,8.74,-999,7.81,-999,-999,14.26
2025,10,13,12,8.92,-999,7.69,-999,-999,14.98
2025,10,13,13,9.04,-999,7.5,-999,-999,15.55
2025,10,13,14,9.11,-999,7.26,-999,-999,15.66
2025,10,13,15,9.14,-999,6.9,-999,-999,15.32
2025,10,13,16,9.08,-999,6.3,-999,-999,14.5
2025,10,13,17,8.92,-999,5.97,-999,-999,13.59
2025,10,13,18,8.68,-999,6.05,-999,-999,13.03
2025,10,13,19,8.48,-999,5.94,-999,-999,12.65
2025,10,13,20,8.35,-999,5.68,-999,-999,12.39
2025,10,13,21,8.26,-999,5.38,-999,-999,12.14
2025,10,13,22,8.14,-999,5.15,-999,-999,11.88
2025,10,13,23,7.98,-999,5.17,-999,-999,11.62
2025,10,14,0,7.87,-999,5.1,-999,-999,11.38
2025,10,14,1,7.78,-999,5.02,-999,-999,11.2
2025,10,14,2,7.68,-999,5.1,-999,-999,11.01
2025,10,14,3,7.58,-999,5.15,-999,-999,10.78
2025,10,14,4,7.53,-999,4.88,-999,-999,10.6
2025,10,14,5,7.47,-999,4.98,-999,-999,10.46
2025,10,14,6,7.43,-999,4.89,-999,-999,10.44
2025,10,14,7,7.51,-999,4.97,-999,-999,11.13
2025,10,14,8,7.61,-999,5.2,-999,-999,12.44
2025,10,14,9,7.73,-999,5.21,-999,-999,14.03
2025,10,14,10,7.96,-999,5.02,-999,-999,15.49
2025,10,14,11,8.26,-999,4.77,-999,-999,16.83
2025,10,14,12,8.57,-999,4.56,-999,-999,17.89
2025,10,14,13,8.83,-999,4.44,-999,-999,18.57
2025,10,14,14,9.02,-999,4.32,-999,-999,18.88
2025,10,14,15,9.11,-999,4.2,-999,-999,18.62
2025,10,14,16,9.15,-999,3.93,-999,-999,17.85
2025,10,14,17,9.19,-999,3.32,-999,-999,16.57
2025,10,14,18,9.19,-999,3.43,-999,-999,15.8
2025,10,14,19,9.16,-999,3.43,-999,-999,15.24
2025,10,14,20,9.13,-999,3.3,-999,-999,14.71
2025,10,14,21,9.08,-999,3.44,-999,-999,14.26
2025,10,14,22,9.01,-999,3.61,-999,-999,14.06
2025,10,14,23,8.96,-999,3.4,-999,-999,14.08
2025,10,15,0,8.91,-999,3.25,-999,-999,14.07
2025,10,15,1,8.85,-999,3.13,-999,-999,14
2025,10,15,2,8.82,-999,2.74,-999,-999,13.59
2025,10,15,3,8.77,-999,2.58,-999,-999,13.22
2025,10,15,4,8.68,-999,2.46,-999,-999,12.89
2025,10,15,5,8.55,-999,2.43,-999,-999,12.48
2025,10,15,6,8.4,-999,2.5,-999,-999,12.27
2025,10,15,7,8.37,-999,2.94,-999,-999,13.28
2025,10,15,8,8.28,-999,3.23,-999,-999,14.33
2025,10,15,9,8,-999,3.87,-999,-999,15.02
2025,10,15,10,7.76,-999,4.07,-999,-999,16.86
2025,10,15,11,7.5,-999,4.07,-999,-999,18.59
2025,10,15,12,7.09,-999,4.1,-999,-999,19.52
2025,10,15,13,6.52,-999,4.21,-999,-999,20.04
2025,10,15,14,5.97,-999,4.43,-999,-999,19.92
2025,10,15,15,5.68,-999,4.64,-999,-999,19.14
2025,10,15,16,5.61,-999,4.63,-999,-999,17.52
2025,10,15,17,5.73,-999,4.02,-999,-999,15.08
2025,10,15,18,5.83,-999,3.8,-999,-999,13.56
2025,10,15,19,5.81,-999,3.58,-999,-999,12.5
2025,10,15,20,5.78,-999,3.47,-999,-999,11.59
2025,10,15,21,5.73,-999,3.18,-999,-999,10.59
2025,10,15,22,5.65,-999,2.75,-999,-999,9.44
2025,10,15,23,5.51,-999,2.79,-999,-999,8.87
2025,10,16,0,5.4,-999,3,-999,-999,8.45
2025,10,16,1,5.33,-999,3.06,-999,-999,7.75
2025,10,16,2,5.29,-999,3.05,-999,-999,7.09
2025,10,16,3,5.17,-999,3.24,-999,-999,6.78
2025,10,16,4,5.04,-999,3.14,-999,-999,6.38
2025,10,16,5,4.92,-999,3.11,-999,-999,5.89
2025,10,16,6,4.82,-999,3.19,-999,-999,5.6
2025,10,16,7,4.6,-999,4.08,-999,-999,7.26
2025,10,16,8,4.1,-999,5.31,-999,-999,9.28
2025,10,16,9,3.81,-999,5.61,-999,-999,10.78
2025,10,16,10,3.63,-999,5.79,-999,-999,12.23
2025,10,16,11,3.51,-999,5.92,-999,-999,13.55
2025,10,16,12,3.43,-999,6.07,-999,-999,14.53
2025,10,16,13,3.39,-999,6.18,-999,-999,15.13
2025,10,16,14,3.39,-999,6.22,-999,-999,15.35
2025,10,16,15,3.41,-999,6.1,-999,-999,15.07
2025,10,16,16,3.48,-999,5.69,-999,-999,14.07
2025,10,16,17,3.67,-999,4.82,-999,-999,12.15
2025,10,16,18,3.84,-999,4.73,-999,-999,11.01
2025,10,16,19,3.94,-999,4.59,-999,-999,10.2
2025,10,16,20,4.01,-999,4.34,-999,-999,9.41
2025,10,16,21,4.06,-999,4.04,-999,-999,8.66
2025,10,16,22,4.13,-999,3.73,-999,-999,7.99
2025,10,16,23,4.19,-999,3.44,-999,-999,7.38
2025,10,17,0,4.23,-999,3.48,-999,-999,6.96
2025,10,17,1,4.25,-999,3.56,-999,-999,6.75
2025,10,17,2,4.24,-999,3.63,-999,-999,6.58
2025,10,17,3,4.23,-999,3.73,-999,-999,6.45
2025,10,17,4,4.25,-999,3.65,-999,-999,6.29
2025,10,17,5,4.27,-999,3.5,-999,-999,5.99
2025,10,17,6,4.28,-999,3.36,-999,-999,5.84
2025,10,17,7,4.3,-999,3.6,-999,-999,7.59
2025,10,17,8,4.23,-999,4.49,-999,-999,10.27
2025,10,17,9,4.2,-999,4.63,-999,-999,12.59
2025,10,17,10,4.18,-999,4.28,-999,-999,14.41
2025,10,17,11,4.15,-999,3.91,-999,-999,15.91
2025,10,17,12,4.11,-999,3.69,-999,-999,16.99
2025,10,17,13,4.06,-999,3.47,-999,-999,17.73
2025,10,17,14,4,-999,3.28,-999,-999,18
2025,10,17,15,3.94,-999,3.16,-999,-999,17.73
2025,10,17,16,4.63,-999,2.37,-999,-999,16
2025,10,17,17,4.69,-999,2.59,-999,-999,12.19
2025,10,17,18,4.83,-999,2.44,-999,-999,11.8
2025,10,17,19,4.82,-999,2.44,-999,-999,10.62
2025,10,17,20,4.97,-999,2.46,-999,-999,9.56
2025,10,17,21,5.14,-999,2.46,-999,-999,8.63
2025,10,17,22,5.27,-999,2.54,-999,-999,8.02
2025,10,17,23,5.34,-999,2.55,-999,-999,7.74
2025,10,18,0,5.39,-999,2.44,-999,-999,7.2
2025,10,18,1,5.44,-999,2.33,-999,-999,6.82
2025,10,18,2,5.5,-999,2.22,-999,-999,7.13
2025,10,18,3,5.55,-999,1.98,-999,-999,7.02
2025,10,18,4,5.57,-999,2.05,-999,-999,6.3
2025,10,18,5,5.57,-999,2.14,-999,-999,6.1
2025,10,18,6,5.56,-999,2.08,-999,-999,6.32
2025,10,18,7,5.53,-999,2.22,-999,-999,8.24
2025,10,18,8,5.42,-999,1.63,-999,-999,11.26
2025,10,18,9,4.88,-999,1.29,-999,-999,14.53
2025,10,18,10,4.86,-999,0.78,-999,-999,16.19
2025,10,18,11,5.03,-999,0.24,-999,-999,17.51
2025,10,18,12,5.28,-999,0.84,-999,-999,18.47
2025,10,18,13,5.58,-999,1.31,-999,-999,18.8
2025,10,18,14,5.86,-999,1.55,-999,-999,18.53
2025,10,18,15,6.2,-999,1.65,-999,-999,17.94
2025,10,18,16,6.9,-999,1.57,-999,-999,16.66
2025,10,18,17,6.69,-999,2.14,-999,-999,13.74
2025,10,18,18,6.69,-999,2.37,-999,-999,12.87
2025,10,18,19,6.9,-999,2.48,-999,-999,12.48
2025,10,18,20,7.18,-999,2.5,-999,-999,12.2
2025,10,18,21,7.44,-999,2.47,-999,-999,11.87
2025,10,18,22,7.64,-999,2.43,-999,-999,11.35
2025,10,18,23,7.73,-999,2.39,-999,-999,10.87
2025,10,19,0,7.74,-999,2.26,-999,-999,10.35
2025,10,19,1,7.72,-999,2.47,-999,-999,9.82
2025,10,19,2,7.81,-999,2.49,-999,-999,9.4
2025,10,19,3,8.03,-999,2.47,-999,-999,9.21
2025,10,19,4,8.35,-999,2.56,-999,-999,9.29
2025,10,19,5,8.7,-999,2.69,-999,-999,9.7
2025,10,19,6,9.08,-999,2.86,-999,-999,10.36
2025,10,19,7,9.73,-999,3.1,-999,-999,14.32
2025,10,19,8,10.14,-999,3.94,-999,-999,17.21
2025,10,19,9,10.09,-999,4.95,-999,-999,19.24
2025,10,19,10,10.08,-999,5.54,-999,-999,20.55
2025,10,19,11,10.33,-999,5.99,-999,-999,21.43
2025,10,19,12,10.62,-999,6.31,-999,-999,21.99
2025,10,19,13,10.79,-999,6.46,-999,-999,22.17
2025,10,19,14,10.79,-999,6.51,-999,-999,21.8
2025,10,19,15,10.86,-999,6.51,-999,-999,20.74
2025,10,19,16,11.09,-999,6.16,-999,-999,19.12
2025,10,19,17,11.33,-999,5.45,-999,-999,17.4
2025,10,19,18,11.34,-999,5.21,-999,-999,16.83
2025,10,19,19,11.28,-999,4.88,-999,-999,16.72
2025,10,19,20,11.28,-999,4.5,-999,-999,16.48
2025,10,19,21,11.31,-999,5.05,-999,-999,16.84
2025,10,19,22,11.44,-999,5.17,-999,-999,17.2
2025,10,19,23,11.57,-999,5.78,-999,-999,17.55
2025,10,20,0,11.75,-999,6.38,-999,-999,17.88
2025,10,20,1,12,-999,6.79,-999,-999,18.09
2025,10,20,2,12.31,-999,7.32,-999,-999,18.26
2025,10,20,3,12.6,-999,6.97,-999,-999,18.35
2025,10,20,4,12.63,-999,5.21,-999,-999,18.1
2025,10,20,5,11.96,-999,4.48,-999,-999,17.3
2025,10,20,6,10.62,-999,4.81,-999,-999,15.55
2025,10,20,7,9.73,-999,5.08,-999,-999,14.56
2025,10,20,8,8.67,-999,5.39,-999,-999,14.51
2025,10,20,9,7.77,-999,5.72,-999,-999,15.22
2025,10,20,10,7.21,-999,6.34,-999,-999,15.62
2025,10,20,11,6.99,-999,6.69,-999,-999,15.86
2025,10,20,12,6.82,-999,6.12,-999,-999,16.29
2025,10,20,13,6.65,-999,6.11,-999,-999,16.61
2025,10,20,14,6.51,-999,6.28,-999,-999,16.33
2025,10,20,15,6.46,-999,6.13,-999,-999,15.93
2025,10,20,16,6.48,-999,5.58,-999,-999,15.29
2025,10,20,17,6.56,-999,4.68,-999,-999,14.2
2025,10,20,18,6.6,-999,4.51,-999,-999,13.59
2025,10,20,19,6.57,-999,4.42,-999,-999,13.16
2025,10,20,20,6.52,-999,4.08,-999,-999,12.63
2025,10,20,21,6.45,-999,3.75,-999,-999,12.03
2025,10,20,22,6.34,-999,3.58,-999,-999,11.43
2025,10,20,23,6.23,-999,3.24,-999,-999,10.66
2025,10,21,0,6.14,-999,3.04,-999,-999,9.89
2025,10,21,1,6.1,-999,2.97,-999,-999,9.13
2025,10,21,2,6.07,-999,3.04,-999,-999,8.59
2025,10,21,3,6.05,-999,3.12,-999,-999,8.22
2025,10,21,4,6.03,-999,3,-999,-999,7.87
2025,10,21,5,6,-999,2.82,-999,-999,7.49
2025,10,21,6,5.97,-999,2.67,-999,-999,7.26
2025,10,21,7,5.97,-999,2.74,-999,-999,9.07
2025,10,21,8,5.96,-999,2.57,-999,-999,12.09
2025,10,21,9,5.53,-999,3.53,-999,-999,15.31
2025,10,21,10,5.48,-999,3.83,-999,-999,16.99
2025,10,21,11,5.62,-999,4.1,-999,-999,18.12
2025,10,21,12,5.67,-999,4.34,-999,-999,18.84
2025,10,21,13,5.68,-999,4.39,-999,-999,19.25
2025,10,21,14,5.72,-999,4.35,-999,-999,19.3
2025,10,21,15,5.91,-999,4.24,-999,-999,18.79
2025,10,21,16,6.48,-999,3.62,-999,-999,17.42
2025,10,21,17,7.13,-999,2.97,-999,-999,14.78
2025,10,21,18,7.85,-999,3.04,-999,-999,14.21
2025,10,21,19,8.52,-999,3,-999,-999,14.36
2025,10,21,20,9.12,-999,3.02,-999,-999,14.74
2025,10,21,21,9.56,-999,3.06,-999,-999,14.85
2025,10,21,22,9.74,-999,2.27,-999,-999,14.17
2025,10,21,23,9.76,-999,2.47,-999,-999,13.99
2025,10,22,0,9.72,-999,2.65,-999,-999,14.21
2025,10,22,1,9.39,-999,1.76,-999,-999,13.37
2025,10,22,2,9.17,-999,2.06,-999,-999,12.99
2025,10,22,3,8.81,-999,1.9,-999,-999,12.41
2025,10,22,4,8.53,-999,1.95,-999,-999,11.94
2025,10,22,5,8.23,-999,2.29,-999,-999,10.97
2025,10,22,6,8.08,-999,2.54,-999,-999,10.63
2025,10,22,7,8.65,-999,3.25,-999,-999,12.11
2025,10,22,8,8.85,-999,3.92,-999,-999,13.03
2025,10,22,9,8.1,-999,4.57,-999,-999,14.16
2025,10,22,10,6.34,-999,5.07,-999,-999,15.73
2025,10,22,11,5.23,-999,5.5,-999,-999,16.55
2025,10,22,12,4.89,-999,5.61,-999,-999,16.91
2025,10,22,13,4.81,-999,5.54,-999,-999,17.03
2025,10,22,14,4.82,-999,5.35,-999,-999,16.87
2025,10,22,15,4.86,-999,4.99,-999,-999,16.32
2025,10,22,16,5.01,-999,4.07,-999,-999,15.11
2025,10,22,17,5.22,-999,3.06,-999,-999,12.68
2025,10,22,18,5.33,-999,2.83,-999,-999,11.4
2025,10,22,19,5.33,-999,2.65,-999,-999,10.55
2025,10,22,20,5.33,-999,2.55,-999,-999,9.87
2025,10,22,21,5.41,-999,2.52,-999,-999,9.52
2025,10,22,22,5.52,-999,2.51,-999,-999,9.79
2025,10,22,23,5.56,-999,2.7,-999,-999,9.38
2025,10,23,0,5.55,-999,2.97,-999,-999,8.94
2025,10,23,1,5.57,-999,2.97,-999,-999,8.58
2025,10,23,2,5.61,-999,2.87,-999,-999,8.13
2025,10,23,3,5.68,-999,2.71,-999,-999,7.63
2025,10,23,4,5.77,-999,2.68,-999,-999,7.17
2025,10,23,5,5.78,-999,2.7,-999,-999,6.88
2025,10,23,6,5.75,-999,2.67,-999,-999,6.66
2025,10,23,7,5.77,-999,2.92,-999,-999,8.65
2025,10,23,8,5.51,-999,4,-999,-999,11.28
2025,10,23,9,5.26,-999,4.15,-999,-999,12.93
2025,10,23,10,5.17,-999,4.16,-999,-999,14.1
2025,10,23,11,5.14,-999,4.31,-999,-999,14.94
2025,10,23,12,5.13,-999,4.4,-999,-999,15.4
2025,10,23,13,5.12,-999,4.31,-999,-999,15.55
2025,10,23,14,5.14,-999,4.11,-999,-999,15.42
2025,10,23,15,5.18,-999,3.83,-999,-999,14.99
2025,10,23,16,5.3,-999,3.18,-999,-999,13.94
2025,10,23,17,5.41,-999,2.64,-999,-999,11.42
2025,10,23,18,5.45,-999,2.76,-999,-999,10.38
2025,10,23,19,5.48,-999,2.72,-999,-999,9.65
2025,10,23,20,5.48,-999,2.73,-999,-999,9.08
2025,10,23,21,5.5,-999,2.65,-999,-999,8.47
2025,10,23,22,5.49,-999,2.59,-999,-999,7.86
2025,10,23,23,5.48,-999,2.58,-999,-999,7.29
2025,10,24,0,5.48,-999,2.58,-999,-999,6.88
2025,10,24,1,5.49,-999,2.57,-999,-999,6.48
2025,10,24,2,5.51,-999,2.55,-999,-999,6.1
2025,10,24,3,5.53,-999,2.44,-999,-999,5.71
2025,10,24,4,5.54,-999,2.34,-999,-999,5.3
2025,10,24,5,5.53,-999,2.26,-999,-999,4.89
2025,10,24,6,5.51,-999,2.13,-999,-999,4.94
2025,10,24,7,5.51,-999,2.39,-999,-999,6.62
2025,10,24,8,5.43,-999,2.52,-999,-999,9.33
2025,10,24,9,5.18,-999,2.59,-999,-999,11.64
2025,10,24,10,5.01,-999,2.93,-999,-999,13.14
2025,10,24,11,4.89,-999,3.17,-999,-999,14.25
2025,10,24,12,4.77,-999,3.29,-999,-999,15.01
2025,10,24,13,4.66,-999,3.24,-999,-999,15.41
2025,10,24,14,4.61,-999,3.14,-999,-999,15.42
2025,10,24,15,4.64,-999,2.95,-999,-999,15
2025,10,24,16,4.97,-999,2.34,-999,-999,13.58
2025,10,24,17,5,-999,2.39,-999,-999,10.4
2025,10,24,18,5.08,-999,2.63,-999,-999,9.62
2025,10,24,19,5.18,-999,2.72,-999,-999,9.33
2025,10,24,20,5.27,-999,2.68,-999,-999,8.75
2025,10,24,21,5.36,-999,2.61,-999,-999,8.1
2025,10,24,22,5.43,-999,2.58,-999,-999,7.57
2025,10,24,23,5.48,-999,2.55,-999,-999,7.08
2025,10,25,0,5.51,-999,2.51,-999,-999,6.58
2025,10,25,1,5.53,-999,2.51,-999,-999,6.12
2025,10,25,2,5.54,-999,2.52,-999,-999,5.7
2025,10,25,3,5.55,-999,2.53,-999,-999,5.3
2025,10,25,4,5.55,-999,2.5,-999,-999,4.86
2025,10,25,5,5.52,-999,2.42,-999,-999,4.69
2025,10,25,6,5.48,-999,2.33,-999,-999,4.84
2025,10,25,7,5.42,-999,2.8,-999,-999,6.48
2025,10,25,8,5.31,-999,2.71,-999,-999,8.91
2025,10,25,9,4.75,-999,3.08,-999,-999,11.85
2025,10,25,10,4.29,-999,3.01,-999,-999,13.44
2025,10,25,11,4.13,-999,2.73,-999,-999,14.45
2025,10,25,12,4.1,-999,2.39,-999,-999,15.16
2025,10,25,13,4.1,-999,2.07,-999,-999,15.54
2025,10,25,14,4.12,-999,1.81,-999,-999,15.53
2025,10,25,15,4.21,-999,1.64,-999,-999,14.99
2025,10,25,16,4.83,-999,1.41,-999,-999,13.45
2025,10,25,17,4.85,-999,1.86,-999,-999,11.14
2025,10,25,18,4.99,-999,1.79,-999,-999,10.77
2025,10,25,19,5.12,-999,1.97,-999,-999,10.28
2025,10,25,20,5.23,-999,2.14,-999,-999,9.76
2025,10,25,21,5.38,-999,2.09,-999,-999,9.08
2025,10,25,22,5.47,-999,2.04,-999,-999,8.46
2025,10,25,23,5.45,-999,2.15,-999,-999,7.59
2025,10,26,0,5.4,-999,2.39,-999,-999,6.63
2025,10,26,1,5.39,-999,2.44,-999,-999,6.14
2025,10,26,2,5.39,-999,2.34,-999,-999,5.83
2025,10,26,3,5.41,-999,2.38,-999,-999,5.48
2025,10,26,4,5.44,-999,2.42,-999,-999,5.17
2025,10,26,5,5.48,-999,2.46,-999,-999,4.99
2025,10,26,6,5.5,-999,2.4,-999,-999,4.68
2025,10,26,7,5.49,-999,2.76,-999,-999,6.59
2025,10,26,8,5.34,-999,2.57,-999,-999,9.27
2025,10,26,9,4.94,-999,2.59,-999,-999,11.8
2025,10,26,10,4.61,-999,2.57,-999,-999,13.28
2025,10,26,11,4.38,-999,2.54,-999,-999,14.29
2025,10,26,12,4.15,-999,2.55,-999,-999,14.87
2025,10,26,13,3.93,-999,2.54,-999,-999,15.11
2025,10,26,14,3.77,-999,2.4,-999,-999,15.08
2025,10,26,15,3.72,-999,2.28,-999,-999,14.56
2025,10,26,16,4.23,-999,1.82,-999,-999,12.52
2025,10,26,17,4.09,-999,2.37,-999,-999,9.41
2025,10,26,18,4.15,-999,2.47,-999,-999,8.29
2025,10,26,19,4.3,-999,2.52,-999,-999,7.3
2025,10,26,20,4.44,-999,2.52,-999,-999,6.6
2025,10,26,21,4.53,-999,2.58,-999,-999,6
2025,10,26,22,4.57,-999,2.52,-999,-999,5.49
2025,10,26,23,4.57,-999,2.54,-999,-999,5.01
2025,10,27,0,4.58,-999,2.59,-999,-999,4.56
2025,10,27,1,4.59,-999,2.7,-999,-999,4.34
2025,10,27,2,4.62,-999,2.74,-999,-999,3.97
2025,10,27,3,4.66,-999,2.71,-999,-999,3.42
2025,10,27,4,4.68,-999,2.59,-999,-999,2.85
2025,10,27,5,4.66,-999,2.58,-999,-999,2.78
2025,10,27,6,4.62,-999,2.44,-999,-999,2.59
2025,10,27,7,4.58,-999,2.77,-999,-999,4.14
2025,10,27,8,4.4,-999,2.76,-999,-999,6.9
2025,10,27,9,4.07,-999,2.86,-999,-999,9.75
2025,10,27,10,3.86,-999,2.86,-999,-999,11.59
2025,10,27,11,3.77,-999,2.82,-999,-999,12.68
2025,10,27,12,3.72,-999,2.69,-999,-999,13.37
2025,10,27,13,3.73,-999,2.76,-999,-999,13.71
2025,10,27,14,3.78,-999,2.86,-999,-999,13.65
2025,10,27,15,3.89,-999,2.57,-999,-999,13.16
2025,10,27,16,4.27,-999,1.91,-999,-999,11.38
2025,10,27,17,4.26,-999,2.34,-999,-999,7.9
2025,10,27,18,4.4,-999,2.23,-999,-999,7.22
2025,10,27,19,4.59,-999,2.44,-999,-999,6.67
2025,10,27,20,4.73,-999,2.83,-999,-999,6.54
2025,10,27,21,4.85,-999,2.75,-999,-999,5.88
2025,10,27,22,4.93,-999,2.69,-999,-999,5.25
2025,10,27,23,4.97,-999,2.63,-999,-999,4.5
2025,10,28,0,5,-999,2.92,-999,-999,4.21
2025,10,28,1,5,-999,3.04,-999,-999,3.93
2025,10,28,2,4.99,-999,2.88,-999,-999,3.57
2025,10,28,3,4.99,-999,2.88,-999,-999,3.75
2025,10,28,4,5.01,-999,3.26,-999,-999,4.06
2025,10,28,5,5.03,-999,3.45,-999,-999,4.12
2025,10,28,6,5.01,-999,3.36,-999,-999,3.92
2025,10,28,7,5.03,-999,4.25,-999,-999,5.18
2025,10,28,8,4.96,-999,4.82,-999,-999,7.37
2025,10,28,9,4.82,-999,5.44,-999,-999,9.65
2025,10,28,10,4.8,-999,5.41,-999,-999,11.23
2025,10,28,11,4.9,-999,5.14,-999,-999,12.3
2025,10,28,12,5.03,-999,4.85,-999,-999,13.04
2025,10,28,13,5.16,-999,4.7,-999,-999,13.25
2025,10,28,14,5.23,-999,4.45,-999,-999,13.05
2025,10,28,15,5.3,-999,4.08,-999,-999,12.68
2025,10,28,16,5.37,-999,3.52,-999,-999,11.94
2025,10,28,17,5.32,-999,3.42,-999,-999,10.41
2025,10,28,18,5.23,-999,3.7,-999,-999,9.56
2025,10,28,19,5.2,-999,3.87,-999,-999,8.96
2025,10,28,20,5.14,-999,3.82,-999,-999,8.46
2025,10,28,21,5.08,-999,3.71,-999,-999,7.97
2025,10,28,22,5.07,-999,3.74,-999,-999,7.78
2025,10,28,23,5.17,-999,3.72,-999,-999,7.51
2025,10,29,0,5.3,-999,3.66,-999,-999,7.13
2025,10,29,1,5.35,-999,3.7,-999,-999,6.66
2025,10,29,2,5.4,-999,3.8,-999,-999,6.46
2025,10,29,3,5.43,-999,3.73,-999,-999,6.38
2025,10,29,4,5.4,-999,3.58,-999,-999,6.22
2025,10,29,5,5.32,-999,3.49,-999,-999,5.95
2025,10,29,6,5.27,-999,3.48,-999,-999,5.84
2025,10,29,7,5.33,-999,3.52,-999,-999,6.77
2025,10,29,8,5.36,-999,3.77,-999,-999,8.51
2025,10,29,9,5.35,-999,3.65,-999,-999,10.09
2025,10,29,10,5.36,-999,3.34,-999,-999,11.09
2025,10,29,11,5.4,-999,3.09,-999,-999,11.83
2025,10,29,12,5.47,-999,2.97,-999,-999,12.6
2025,10,29,13,5.56,-999,3.01,-999,-999,13.42
2025,10,29,14,5.64,-999,3.11,-999,-999,13.6
2025,10,29,15,5.7,-999,3.19,-999,-999,13.14
2025,10,29,16,5.82,-999,2.81,-999,-999,11.87
2025,10,29,17,5.92,-999,2.54,-999,-999,9.51
2025,10,29,18,6.06,-999,2.94,-999,-999,9.35
2025,10,29,19,6.19,-999,3,-999,-999,8.85
2025,10,29,20,6.28,-999,3.07,-999,-999,8.28
2025,10,29,21,6.36,-999,2.97,-999,-999,7.92
2025,10,29,22,6.45,-999,2.9,-999,-999,8.05
2025,10,29,23,6.54,-999,3.19,-999,-999,8.29
2025,10,30,0,6.63,-999,3.38,-999,-999,8.47
2025,10,30,1,6.74,-999,3.58,-999,-999,8.59
2025,10,30,2,6.87,-999,3.97,-999,-999,8.77
2025,10,30,3,7.06,-999,4.43,-999,-999,9.14
2025,10,30,4,7.25,-999,4.67,-999,-999,9.55
2025,10,30,5,7.42,-999,4.63,-999,-999,9.88
2025,10,30,6,7.58,-999,4.75,-999,-999,10.16
2025,10,30,7,7.94,-999,5.95,-999,-999,11.01
2025,10,30,8,8.55,-999,7.27,-999,-999,12.37
2025,10,30,9,9.02,-999,7.68,-999,-999,13.49
2025,10,30,10,9.39,-999,8.26,-999,-999,14.42
2025,10,30,11,9.73,-999,8.82,-999,-999,15.19
2025,10,30,12,10.02,-999,8.94,-999,-999,15.72
2025,10,30,13,10.26,-999,8.62,-999,-999,15.94
2025,10,30,14,10.47,-999,7.39,-999,-999,15.93
2025,10,30,15,10.61,-999,6.79,-999,-999,15.77
2025,10,30,16,10.79,-999,6.55,-999,-999,15.73
2025,10,30,17,11.23,-999,5.86,-999,-999,15.94
2025,10,30,18,11.65,-999,4.74,-999,-999,16.35
2025,10,30,19,11.6,-999,2.8,-999,-999,16.13
2025,10,30,20,11.06,-999,1.68,-999,-999,15.13
2025,10,30,21,10.84,-999,1.83,-999,-999,15.1
2025,10,30,22,10.56,-999,3.48,-999,-999,14.81
2025,10,30,23,9.88,-999,3.91,-999,-999,13.68
2025,10,31,0,9.35,-999,4.03,-999,-999,12.94
2025,10,31,1,8.66,-999,4.31,-999,-999,11.79
2025,10,31,2,8.1,-999,4.44,-999,-999,10.78
2025,10,31,3,7.68,-999,4.35,-999,-999,9.98
2025,10,31,4,7.42,-999,4.32,-999,-999,9.46
2025,10,31,5,7.28,-999,4.65,-999,-999,9.24
2025,10,31,6,7.2,-999,4.92,-999,-999,9.14
2025,10,31,7,7.17,-999,5.21,-999,-999,9.38
2025,10,31,8,6.85,-999,5.91,-999,-999,9.95
2025,10,31,9,6.1,-999,6.65,-999,-999,10.87
2025,10,31,10,5.48,-999,7.15,-999,-999,11.78
2025,10,31,11,5.22,-999,7.35,-999,-999,12.31
2025,10,31,12,5.14,-999,7.6,-999,-999,12.91
2025,10,31,13,5.11,-999,7.8,-999,-999,13.26
2025,10,31,14,5.1,-999,7.87,-999,-999,13.3
2025,10,31,15,5.1,-999,7.9,-999,-999,12.98
2025,10,31,16,5.05,-999,7.54,-999,-999,12.26
2025,10,31,17,4.97,-999,6.96,-999,-999,11.33
2025,10,31,18,4.85,-999,6.9,-999,-999,10.84
2025,10,31,19,4.81,-999,6.27,-999,-999,10.24
2025,10,31,20,4.84,-999,6.12,-999,-999,9.78
2025,10,31,21,4.83,-999,5.87,-999,-999,9.35
2025,10,31,22,4.78,-999,6.08,-999,-999,9.17
2025,10,31,23,4.73,-999,6.09,-999,-999,8.99
2025,11,1,0,4.67,-999,6,-999,-999,8.73
2025,11,1,1,4.6,-999,5.84,-999,-999,8.37
2025,11,1,2,4.53,-999,5.49,-999,-999,7.91
2025,11,1,3,4.5,-999,5.16,-999,-999,7.47
2025,11,1,4,4.51,-999,4.87,-999,-999,7.08
2025,11,1,5,4.54,-999,4.62,-999,-999,6.74
2025,11,1,6,4.56,-999,4.35,-999,-999,6.43
2025,11,1,7,4.65,-999,4.35,-999,-999,7.17
2025,11,1,8,4.69,-999,4.72,-999,-999,8.78
2025,11,1,9,4.67,-999,5.15,-999,-999,10.33
2025,11,1,10,4.66,-999,5.39,-999,-999,11.63
2025,11,1,11,4.7,-999,5.49,-999,-999,12.71
2025,11,1,12,4.74,-999,5.49,-999,-999,13.49
2025,11,1,13,4.74,-999,5.45,-999,-999,13.91
2025,11,1,14,4.71,-999,5.28,-999,-999,13.79
2025,11,1,15,4.71,-999,4.9,-999,-999,13.33
2025,11,1,16,4.78,-999,3.84,-999,-999,11.91
2025,11,1,17,4.78,-999,3.17,-999,-999,9.56
2025,11,1,18,4.73,-999,2.99,-999,-999,8.38
2025,11,1,19,4.67,-999,2.69,-999,-999,7.3
2025,11,1,20,4.61,-999,2.43,-999,-999,6.31
2025,11,1,21,4.56,-999,2.29,-999,-999,5.77
2025,11,1,22,4.55,-999,2.26,-999,-999,5.27
2025,11,1,23,4.55,-999,2.3,-999,-999,4.85
2025,11,2,0,4.55,-999,2.26,-999,-999,4.35
2025,11,2,1,4.54,-999,2.17,-999,-999,3.95
2025,11,2,2,4.53,-999,2.14,-999,-999,3.61
2025,11,2,3,4.51,-999,2.23,-999,-999,3.14
2025,11,2,4,4.5,-999,2.22,-999,-999,2.8
2025,11,2,5,4.5,-999,2.2,-999,-999,2.59
2025,11,2,6,4.51,-999,2.15,-999,-999,2.5
2025,11,2,7,4.56,-999,2.21,-999,-999,4.25
2025,11,2,8,4.6,-999,2.04,-999,-999,6.94
2025,11,2,9,4.44,-999,2.86,-999,-999,9.96
2025,11,2,10,4.49,-999,3.03,-999,-999,11.44
2025,11,2,11,4.54,-999,2.84,-999,-999,12.69
2025,11,2,12,4.62,-999,2.62,-999,-999,13.71
2025,11,2,13,4.66,-999,2.47,-999,-999,14.39
2025,11,2,14,4.77,-999,2.22,-999,-999,14.69
2025,11,2,15,5.19,-999,1.74,-999,-999,14.44
2025,11,2,16,5.82,-999,1.94,-999,-999,12.06
2025,11,2,17,5.27,-999,2.61,-999,-999,9.75
2025,11,2,18,5.49,-999,2.72,-999,-999,9.06
2025,11,2,19,5.79,-999,2.83,-999,-999,8.59
2025,11,2,20,6.09,-999,2.81,-999,-999,8.13
2025,11,2,21,6.41,-999,2.6,-999,-999,8.11
2025,11,2,22,6.65,-999,2.42,-999,-999,8.37
2025,11,2,23,6.76,-999,2.29,-999,-999,8.64
2025,11,3,0,6.75,-999,2.07,-999,-999,8.23
2025,11,3,1,6.74,-999,1.98,-999,-999,8.16
2025,11,3,2,6.7,-999,2.11,-999,-999,7.5
2025,11,3,3,6.63,-999,2.09,-999,-999,6.98
2025,11,3,4,6.59,-999,1.8,-999,-999,7.48
2025,11,3,5,6.5,-999,1.77,-999,-999,7.23
2025,11,3,6,6.45,-999,1.62,-999,-999,7.29
2025,11,3,7,6.62,-999,1.82,-999,-999,8.42
2025,11,3,8,7.08,-999,1.86,-999,-999,11.14
2025,11,3,9,7.29,-999,2.55,-999,-999,13.07
2025,11,3,10,7.05,-999,3.58,-999,-999,14.23
2025,11,3,11,6.77,-999,4.1,-999,-999,14.8
2025,11,3,12,6.59,-999,4.07,-999,-999,14.95
2025,11,3,13,6.53,-999,3.72,-999,-999,14.84
2025,11,3,14,6.6,-999,3.12,-999,-999,14.28
2025,11,3,15,6.83,-999,2.57,-999,-999,13.56
2025,11,3,16,7.07,-999,2.31,-999,-999,12.54
2025,11,3,17,7.09,-999,2.6,-999,-999,11.36
2025,11,3,18,7.24,-999,2.99,-999,-999,10.97
2025,11,3,19,7.32,-999,3.29,-999,-999,10.55
2025,11,3,20,7.17,-999,4.03,-999,-999,9.95
2025,11,3,21,6.69,-999,5.11,-999,-999,9.51
2025,11,3,22,6.04,-999,5.29,-999,-999,8.94
2025,11,3,23,5.56,-999,5.01,-999,-999,8.48
2025,11,4,0,5.29,-999,4.89,-999,-999,8.19
2025,11,4,1,5.12,-999,4.74,-999,-999,8.03
2025,11,4,2,4.97,-999,4.69,-999,-999,7.87
2025,11,4,3,4.79,-999,4.66,-999,-999,7.7
2025,11,4,4,4.64,-999,4.53,-999,-999,7.41
2025,11,4,5,4.57,-999,4.35,-999,-999,7.01
2025,11,4,6,4.55,-999,4.23,-999,-999,6.63
2025,11,4,7,4.65,-999,4.54,-999,-999,7.33
2025,11,4,8,4.68,-999,5.21,-999,-999,9.05
2025,11,4,9,4.49,-999,5.93,-999,-999,10.49
2025,11,4,10,4.28,-999,6.06,-999,-999,11.71
2025,11,4,11,4.08,-999,5.94,-999,-999,12.83
2025,11,4,12,4.04,-999,5.85,-999,-999,13.63
2025,11,4,13,4.1,-999,5.77,-999,-999,14.08
2025,11,4,14,4.13,-999,5.5,-999,-999,14.15
2025,11,4,15,4.12,-999,4.83,-999,-999,13.73
2025,11,4,16,4.35,-999,3.38,-999,-999,11.92
2025,11,4,17,4.38,-999,3.12,-999,-999,9.08
2025,11,4,18,4.34,-999,3.22,-999,-999,8.55
2025,11,4,19,4.37,-999,3.24,-999,-999,8.08
2025,11,4,20,4.4,-999,3.22,-999,-999,7.56
2025,11,4,21,4.4,-999,3.15,-999,-999,7
2025,11,4,22,4.36,-999,3.04,-999,-999,6.42
2025,11,4,23,4.3,-999,2.92,-999,-999,5.84
